user_id,segment_id,match_strength
U0001,SEG01,56
U0002,SEG01,51
U0003,SEG01,73
U0004,SEG01,83
U0005,SEG01,61
U0006,SEG01,41
U0008,SEG01,99
U0013,SEG01,43
U0015,SEG01,46
U0020,SEG01,62
U0022,SEG01,61
U0027,SEG01,57
U0034,SEG01,77
U0036,SEG01,69
U0038,SEG01,90
U0041,SEG01,67
U0043,SEG01,48
U0048,SEG01,64
U0051,SEG01,50
U0052,SEG01,70
U0064,SEG01,65
U0066,SEG01,42
U0067,SEG01,50
U0069,SEG01,70
U0070,SEG01,61
U0076,SEG01,48
U0085,SEG01,46
U0087,SEG01,44
U0089,SEG01,78
U0093,SEG01,79
U0094,SEG01,52
U0097,SEG01,62
U0100,SEG01,74
U0103,SEG01,86
U0104,SEG01,41
U0108,SEG01,65
U0114,SEG01,51
U0118,SEG01,78
U0120,SEG01,58
U0121,SEG01,75
U0122,SEG01,64
U0123,SEG01,80
U0124,SEG01,77
U0129,SEG01,46
U0131,SEG01,86
U0136,SEG01,54
U0137,SEG01,74
U0141,SEG01,55
U0142,SEG01,71
U0144,SEG01,53
U0149,SEG01,44
U0152,SEG01,89
U0155,SEG01,69
U0160,SEG01,83
U0165,SEG01,75
U0173,SEG01,43
U0176,SEG01,91
U0180,SEG01,46
U0185,SEG01,64
U0188,SEG01,76
U0191,SEG01,68
U0192,SEG01,45
U0195,SEG01,66
U0196,SEG01,74
U0200,SEG01,43
U0201,SEG01,62
U0202,SEG01,58
U0205,SEG01,48
U0207,SEG01,64
U0208,SEG01,52
U0209,SEG01,76
U0210,SEG01,57
U0211,SEG01,47
U0214,SEG01,55
U0215,SEG01,75
U0220,SEG01,44
U0221,SEG01,57
U0223,SEG01,47
U0225,SEG01,76
U0227,SEG01,74
U0234,SEG01,40
U0235,SEG01,64
U0236,SEG01,58
U0244,SEG01,44
U0249,SEG01,58
U0251,SEG01,74
U0254,SEG01,54
U0258,SEG01,58
U0265,SEG01,45
U0267,SEG01,81
U0269,SEG01,80
U0275,SEG01,53
U0284,SEG01,40
U0285,SEG01,68
U0286,SEG01,75
U0293,SEG01,91
U0297,SEG01,46
U0298,SEG01,51
U0301,SEG01,46
U0305,SEG01,74
U0317,SEG01,73
U0325,SEG01,77
U0329,SEG01,86
U0333,SEG01,48
U0339,SEG01,52
U0340,SEG01,73
U0345,SEG01,68
U0346,SEG01,42
U0349,SEG01,85
U0353,SEG01,57
U0355,SEG01,54
U0357,SEG01,69
U0359,SEG01,63
U0361,SEG01,77
U0362,SEG01,47
U0366,SEG01,55
U0367,SEG01,60
U0373,SEG01,92
U0377,SEG01,56
U0379,SEG01,44
U0384,SEG01,75
U0385,SEG01,40
U0386,SEG01,49
U0390,SEG01,44
U0391,SEG01,72
U0392,SEG01,61
U0394,SEG01,72
U0396,SEG01,61
U0397,SEG01,57
U0405,SEG01,63
U0407,SEG01,55
U0408,SEG01,80
U0414,SEG01,65
U0417,SEG01,77
U0426,SEG01,46
U0432,SEG01,62
U0434,SEG01,43
U0436,SEG01,74
U0438,SEG01,93
U0442,SEG01,60
U0443,SEG01,48
U0444,SEG01,63
U0446,SEG01,44
U0448,SEG01,54
U0450,SEG01,52
U0452,SEG01,66
U0458,SEG01,71
U0459,SEG01,46
U0460,SEG01,71
U0461,SEG01,62
U0462,SEG01,70
U0475,SEG01,76
U0476,SEG01,62
U0481,SEG01,63
U0483,SEG01,50
U0487,SEG01,41
U0497,SEG01,41
U0502,SEG01,66
U0504,SEG01,41
U0508,SEG01,56
U0512,SEG01,43
U0513,SEG01,59
U0517,SEG01,55
U0518,SEG01,76
U0521,SEG01,45
U0527,SEG01,62
U0531,SEG01,80
U0550,SEG01,40
U0554,SEG01,51
U0555,SEG01,57
U0558,SEG01,50
U0560,SEG01,95
U0565,SEG01,66
U0566,SEG01,81
U0573,SEG01,41
U0574,SEG01,50
U0576,SEG01,73
U0582,SEG01,73
U0583,SEG01,70
U0585,SEG01,49
U0586,SEG01,44
U0588,SEG01,42
U0589,SEG01,80
U0594,SEG01,69
U0600,SEG01,62
U0601,SEG01,59
U0606,SEG01,67
U0608,SEG01,52
U0610,SEG01,60
U0611,SEG01,59
U0620,SEG01,56
U0622,SEG01,70
U0624,SEG01,51
U0625,SEG01,50
U0636,SEG01,64
U0641,SEG01,46
U0652,SEG01,83
U0659,SEG01,70
U0660,SEG01,74
U0661,SEG01,58
U0662,SEG01,69
U0665,SEG01,43
U0666,SEG01,54
U0670,SEG01,53
U0672,SEG01,49
U0673,SEG01,46
U0674,SEG01,46
U0677,SEG01,92
U0684,SEG01,71
U0686,SEG01,92
U0689,SEG01,67
U0690,SEG01,91
U0695,SEG01,80
U0696,SEG01,65
U0698,SEG01,62
U0701,SEG01,87
U0704,SEG01,81
U0707,SEG01,91
U0711,SEG01,72
U0716,SEG01,73
U0718,SEG01,42
U0719,SEG01,42
U0721,SEG01,74
U0722,SEG01,48
U0729,SEG01,70
U0731,SEG01,64
U0733,SEG01,78
U0734,SEG01,46
U0740,SEG01,82
U0741,SEG01,54
U0742,SEG01,49
U0745,SEG01,81
U0746,SEG01,79
U0748,SEG01,43
U0755,SEG01,68
U0759,SEG01,48
U0760,SEG01,47
U0763,SEG01,68
U0765,SEG01,59
U0766,SEG01,75
U0773,SEG01,75
U0784,SEG01,44
U0785,SEG01,92
U0793,SEG01,57
U0798,SEG01,43
U0800,SEG01,40
U0804,SEG01,67
U0814,SEG01,56
U0815,SEG01,41
U0816,SEG01,55
U0820,SEG01,54
U0823,SEG01,53
U0830,SEG01,73
U0833,SEG01,91
U0834,SEG01,94
U0838,SEG01,95
U0839,SEG01,83
U0847,SEG01,45
U0848,SEG01,50
U0850,SEG01,61
U0852,SEG01,75
U0854,SEG01,74
U0855,SEG01,82
U0858,SEG01,55
U0860,SEG01,97
U0863,SEG01,95
U0874,SEG01,43
U0882,SEG01,57
U0888,SEG01,45
U0893,SEG01,43
U0895,SEG01,72
U0896,SEG01,50
U0898,SEG01,48
U0899,SEG01,71
U0905,SEG01,74
U0909,SEG01,91
U0911,SEG01,41
U0912,SEG01,41
U0913,SEG01,76
U0914,SEG01,89
U0920,SEG01,43
U0930,SEG01,59
U0935,SEG01,68
U0941,SEG01,51
U0943,SEG01,84
U0944,SEG01,52
U0947,SEG01,78
U0953,SEG01,84
U0960,SEG01,96
U0966,SEG01,50
U0969,SEG01,57
U0974,SEG01,70
U0977,SEG01,91
U0979,SEG01,92
U0985,SEG01,61
U0988,SEG01,64
U0992,SEG01,73
U0993,SEG01,72
U0995,SEG01,71
U0999,SEG01,48
U1001,SEG01,47
U1004,SEG01,71
U1005,SEG01,41
U1006,SEG01,45
U1011,SEG01,61
U1016,SEG01,69
U1019,SEG01,53
U1031,SEG01,85
U1032,SEG01,56
U1046,SEG01,81
U1047,SEG01,47
U1051,SEG01,73
U1052,SEG01,72
U1056,SEG01,45
U1058,SEG01,51
U1059,SEG01,59
U1064,SEG01,43
U1068,SEG01,58
U1075,SEG01,64
U1077,SEG01,60
U1082,SEG01,73
U1093,SEG01,85
U1100,SEG01,61
U1101,SEG01,76
U1105,SEG01,41
U1106,SEG01,48
U1109,SEG01,95
U1110,SEG01,52
U1112,SEG01,59
U1116,SEG01,44
U1118,SEG01,51
U1123,SEG01,78
U1126,SEG01,40
U1128,SEG01,46
U1129,SEG01,55
U1130,SEG01,48
U1132,SEG01,57
U1133,SEG01,40
U1135,SEG01,68
U1138,SEG01,43
U1139,SEG01,85
U1145,SEG01,44
U1149,SEG01,72
U1151,SEG01,41
U1152,SEG01,83
U1153,SEG01,59
U1163,SEG01,48
U1166,SEG01,55
U1168,SEG01,73
U1169,SEG01,96
U1173,SEG01,55
U1177,SEG01,51
U1178,SEG01,48
U1181,SEG01,83
U1184,SEG01,62
U1186,SEG01,50
U1188,SEG01,41
U1191,SEG01,73
U1200,SEG01,51
U1202,SEG01,92
U1203,SEG01,76
U1211,SEG01,61
U1215,SEG01,61
U1218,SEG01,44
U1222,SEG01,80
U1224,SEG01,43
U1230,SEG01,45
U1232,SEG01,41
U1234,SEG01,61
U1238,SEG01,67
U1239,SEG01,62
U1240,SEG01,88
U1244,SEG01,66
U1250,SEG01,68
U1251,SEG01,76
U1252,SEG01,45
U1257,SEG01,46
U1262,SEG01,54
U1263,SEG01,57
U1268,SEG01,52
U1270,SEG01,40
U1272,SEG01,68
U1274,SEG01,60
U1277,SEG01,66
U1283,SEG01,49
U1284,SEG01,61
U1285,SEG01,87
U1289,SEG01,45
U1299,SEG01,82
U1300,SEG01,83
U1301,SEG01,41
U1303,SEG01,54
U1306,SEG01,57
U1308,SEG01,78
U1310,SEG01,72
U1316,SEG01,50
U1318,SEG01,49
U1324,SEG01,81
U1326,SEG01,50
U1328,SEG01,96
U1333,SEG01,69
U1336,SEG01,50
U1338,SEG01,85
U1343,SEG01,80
U1345,SEG01,99
U1347,SEG01,46
U1350,SEG01,95
U1364,SEG01,54
U1368,SEG01,76
U1372,SEG01,97
U1377,SEG01,55
U1378,SEG01,42
U1381,SEG01,51
U1383,SEG01,85
U1386,SEG01,59
U1389,SEG01,45
U1392,SEG01,57
U1395,SEG01,42
U1397,SEG01,94
U1404,SEG01,53
U1405,SEG01,74
U1407,SEG01,75
U1412,SEG01,46
U1416,SEG01,42
U1417,SEG01,64
U1418,SEG01,60
U1421,SEG01,50
U1428,SEG01,80
U1429,SEG01,69
U1430,SEG01,89
U1433,SEG01,67
U1437,SEG01,61
U1438,SEG01,51
U1440,SEG01,56
U1454,SEG01,46
U1456,SEG01,56
U1459,SEG01,85
U1466,SEG01,51
U1469,SEG01,49
U1475,SEG01,46
U1477,SEG01,70
U1480,SEG01,53
U1482,SEG01,43
U1484,SEG01,57
U1488,SEG01,66
U1491,SEG01,50
U1496,SEG01,45
U1503,SEG01,43
U1509,SEG01,61
U1513,SEG01,94
U1514,SEG01,56
U1517,SEG01,44
U1522,SEG01,73
U1524,SEG01,45
U1527,SEG01,67
U1528,SEG01,54
U1530,SEG01,58
U1537,SEG01,92
U1538,SEG01,75
U1541,SEG01,66
U1546,SEG01,78
U1547,SEG01,53
U1549,SEG01,59
U1550,SEG01,68
U1554,SEG01,46
U1555,SEG01,62
U1558,SEG01,70
U1560,SEG01,44
U1564,SEG01,44
U1567,SEG01,55
U1568,SEG01,54
U1570,SEG01,89
U1576,SEG01,82
U1579,SEG01,70
U1584,SEG01,50
U1589,SEG01,65
U1590,SEG01,96
U1595,SEG01,42
U1597,SEG01,48
U1601,SEG01,46
U1602,SEG01,53
U1603,SEG01,62
U1606,SEG01,45
U1612,SEG01,80
U1619,SEG01,76
U1623,SEG01,78
U1625,SEG01,60
U1626,SEG01,40
U1637,SEG01,51
U1638,SEG01,41
U1639,SEG01,91
U1641,SEG01,62
U1645,SEG01,79
U1647,SEG01,68
U1648,SEG01,49
U1650,SEG01,56
U1653,SEG01,80
U1654,SEG01,85
U1662,SEG01,65
U1663,SEG01,52
U1665,SEG01,80
U1670,SEG01,82
U1673,SEG01,74
U1677,SEG01,66
U1678,SEG01,67
U1686,SEG01,52
U1691,SEG01,49
U1694,SEG01,43
U1695,SEG01,52
U1697,SEG01,58
U1701,SEG01,89
U1702,SEG01,43
U1708,SEG01,44
U1709,SEG01,79
U1713,SEG01,52
U1721,SEG01,90
U1723,SEG01,56
U1725,SEG01,45
U1727,SEG01,80
U1731,SEG01,69
U1733,SEG01,52
U1735,SEG01,53
U1736,SEG01,47
U1742,SEG01,63
U1746,SEG01,43
U1748,SEG01,65
U1757,SEG01,42
U1759,SEG01,50
U1760,SEG01,61
U1762,SEG01,56
U1763,SEG01,93
U1766,SEG01,62
U1767,SEG01,61
U1770,SEG01,90
U1775,SEG01,61
U1776,SEG01,56
U1784,SEG01,58
U1786,SEG01,44
U1787,SEG01,43
U1789,SEG01,49
U1804,SEG01,78
U1806,SEG01,49
U1809,SEG01,59
U1812,SEG01,47
U1820,SEG01,52
U1824,SEG01,46
U1833,SEG01,87
U1841,SEG01,80
U1845,SEG01,90
U1847,SEG01,80
U1848,SEG01,48
U1853,SEG01,82
U1855,SEG01,92
U1856,SEG01,61
U1860,SEG01,49
U1869,SEG01,70
U1872,SEG01,77
U1875,SEG01,55
U1877,SEG01,60
U1879,SEG01,58
U1884,SEG01,63
U1891,SEG01,64
U1896,SEG01,83
U1897,SEG01,87
U1900,SEG01,96
U1901,SEG01,86
U1903,SEG01,48
U1906,SEG01,46
U1909,SEG01,59
U1915,SEG01,43
U1921,SEG01,51
U1922,SEG01,45
U1926,SEG01,92
U1929,SEG01,45
U1932,SEG01,89
U1933,SEG01,56
U1934,SEG01,42
U1937,SEG01,49
U1940,SEG01,52
U1942,SEG01,60
U1946,SEG01,76
U1954,SEG01,97
U1959,SEG01,96
U1961,SEG01,77
U1963,SEG01,75
U1975,SEG01,61
U1980,SEG01,46
U1981,SEG01,54
U1986,SEG01,50
U1989,SEG01,77
U1993,SEG01,62
U1995,SEG01,84
U0026,SEG02,81
U0038,SEG02,43
U0041,SEG02,63
U0060,SEG02,62
U0063,SEG02,42
U0067,SEG02,48
U0071,SEG02,50
U0091,SEG02,54
U0100,SEG02,41
U0118,SEG02,55
U0120,SEG02,61
U0121,SEG02,64
U0122,SEG02,47
U0131,SEG02,46
U0143,SEG02,76
U0155,SEG02,55
U0158,SEG02,75
U0160,SEG02,66
U0163,SEG02,86
U0166,SEG02,72
U0167,SEG02,60
U0175,SEG02,52
U0181,SEG02,86
U0182,SEG02,52
U0185,SEG02,77
U0186,SEG02,69
U0196,SEG02,41
U0199,SEG02,45
U0201,SEG02,51
U0210,SEG02,45
U0211,SEG02,47
U0222,SEG02,49
U0226,SEG02,61
U0227,SEG02,49
U0228,SEG02,75
U0239,SEG02,50
U0240,SEG02,76
U0242,SEG02,43
U0244,SEG02,72
U0253,SEG02,51
U0256,SEG02,45
U0258,SEG02,61
U0267,SEG02,66
U0269,SEG02,65
U0273,SEG02,63
U0282,SEG02,54
U0284,SEG02,55
U0285,SEG02,68
U0291,SEG02,91
U0297,SEG02,54
U0309,SEG02,43
U0317,SEG02,65
U0319,SEG02,42
U0336,SEG02,42
U0337,SEG02,45
U0340,SEG02,42
U0342,SEG02,77
U0344,SEG02,78
U0345,SEG02,62
U0367,SEG02,49
U0379,SEG02,58
U0381,SEG02,41
U0386,SEG02,87
U0388,SEG02,71
U0390,SEG02,67
U0392,SEG02,82
U0396,SEG02,49
U0399,SEG02,86
U0401,SEG02,66
U0413,SEG02,43
U0417,SEG02,82
U0420,SEG02,57
U0422,SEG02,41
U0424,SEG02,79
U0426,SEG02,47
U0429,SEG02,77
U0447,SEG02,51
U0448,SEG02,79
U0452,SEG02,66
U0457,SEG02,89
U0465,SEG02,57
U0470,SEG02,66
U0472,SEG02,53
U0478,SEG02,60
U0486,SEG02,58
U0509,SEG02,50
U0510,SEG02,95
U0511,SEG02,57
U0515,SEG02,46
U0520,SEG02,49
U0521,SEG02,78
U0525,SEG02,68
U0529,SEG02,42
U0537,SEG02,49
U0542,SEG02,50
U0543,SEG02,56
U0544,SEG02,56
U0546,SEG02,61
U0548,SEG02,41
U0550,SEG02,76
U0558,SEG02,47
U0561,SEG02,60
U0564,SEG02,41
U0568,SEG02,57
U0572,SEG02,46
U0576,SEG02,60
U0582,SEG02,61
U0587,SEG02,84
U0590,SEG02,48
U0593,SEG02,64
U0596,SEG02,53
U0598,SEG02,53
U0603,SEG02,42
U0607,SEG02,42
U0611,SEG02,57
U0620,SEG02,44
U0621,SEG02,64
U0625,SEG02,65
U0633,SEG02,45
U0636,SEG02,49
U0637,SEG02,54
U0638,SEG02,96
U0646,SEG02,41
U0648,SEG02,48
U0652,SEG02,50
U0658,SEG02,74
U0676,SEG02,64
U0677,SEG02,43
U0679,SEG02,62
U0685,SEG02,41
U0686,SEG02,41
U0694,SEG02,62
U0699,SEG02,53
U0705,SEG02,65
U0719,SEG02,71
U0721,SEG02,61
U0724,SEG02,58
U0745,SEG02,86
U0751,SEG02,53
U0756,SEG02,41
U0757,SEG02,76
U0759,SEG02,41
U0761,SEG02,62
U0762,SEG02,45
U0777,SEG02,57
U0778,SEG02,83
U0781,SEG02,69
U0787,SEG02,58
U0801,SEG02,66
U0850,SEG02,82
U0858,SEG02,65
U0865,SEG02,84
U0870,SEG02,88
U0872,SEG02,53
U0876,SEG02,76
U0881,SEG02,46
U0885,SEG02,47
U0886,SEG02,66
U0889,SEG02,63
U0892,SEG02,48
U0897,SEG02,78
U0900,SEG02,89
U0912,SEG02,40
U0914,SEG02,54
U0917,SEG02,44
U0919,SEG02,75
U0928,SEG02,46
U0944,SEG02,75
U0952,SEG02,59
U0959,SEG02,44
U0960,SEG02,55
U0962,SEG02,41
U0972,SEG02,81
U0973,SEG02,44
U0985,SEG02,80
U0991,SEG02,57
U0997,SEG02,47
U0998,SEG02,57
U1000,SEG02,41
U1001,SEG02,72
U1005,SEG02,87
U1009,SEG02,44
U1016,SEG02,96
U1021,SEG02,65
U1037,SEG02,57
U1041,SEG02,57
U1056,SEG02,87
U1058,SEG02,66
U1060,SEG02,50
U1062,SEG02,41
U1064,SEG02,44
U1068,SEG02,55
U1072,SEG02,41
U1075,SEG02,44
U1076,SEG02,84
U1084,SEG02,48
U1098,SEG02,71
U1104,SEG02,44
U1105,SEG02,54
U1106,SEG02,46
U1109,SEG02,64
U1118,SEG02,66
U1127,SEG02,63
U1140,SEG02,69
U1162,SEG02,54
U1163,SEG02,55
U1164,SEG02,77
U1166,SEG02,44
U1170,SEG02,53
U1188,SEG02,54
U1189,SEG02,49
U1200,SEG02,53
U1202,SEG02,48
U1205,SEG02,58
U1210,SEG02,42
U1217,SEG02,77
U1222,SEG02,62
U1226,SEG02,53
U1228,SEG02,62
U1235,SEG02,74
U1236,SEG02,84
U1241,SEG02,89
U1242,SEG02,73
U1244,SEG02,64
U1258,SEG02,68
U1261,SEG02,44
U1262,SEG02,61
U1271,SEG02,72
U1272,SEG02,44
U1284,SEG02,90
U1286,SEG02,40
U1301,SEG02,43
U1311,SEG02,64
U1320,SEG02,46
U1322,SEG02,52
U1326,SEG02,91
U1327,SEG02,41
U1338,SEG02,76
U1348,SEG02,56
U1349,SEG02,90
U1354,SEG02,83
U1355,SEG02,47
U1358,SEG02,44
U1359,SEG02,84
U1370,SEG02,57
U1371,SEG02,58
U1382,SEG02,76
U1384,SEG02,66
U1386,SEG02,41
U1389,SEG02,53
U1393,SEG02,66
U1399,SEG02,87
U1400,SEG02,74
U1404,SEG02,55
U1406,SEG02,53
U1407,SEG02,58
U1408,SEG02,49
U1417,SEG02,47
U1429,SEG02,53
U1431,SEG02,57
U1433,SEG02,56
U1441,SEG02,62
U1448,SEG02,60
U1456,SEG02,43
U1466,SEG02,82
U1468,SEG02,66
U1471,SEG02,63
U1472,SEG02,63
U1481,SEG02,69
U1484,SEG02,54
U1485,SEG02,61
U1491,SEG02,50
U1496,SEG02,41
U1508,SEG02,62
U1516,SEG02,86
U1527,SEG02,47
U1533,SEG02,53
U1537,SEG02,54
U1542,SEG02,52
U1569,SEG02,68
U1574,SEG02,91
U1575,SEG02,80
U1581,SEG02,61
U1585,SEG02,45
U1586,SEG02,78
U1591,SEG02,48
U1592,SEG02,53
U1616,SEG02,50
U1619,SEG02,57
U1625,SEG02,41
U1628,SEG02,40
U1629,SEG02,43
U1630,SEG02,44
U1633,SEG02,67
U1636,SEG02,77
U1642,SEG02,43
U1647,SEG02,51
U1650,SEG02,67
U1657,SEG02,72
U1669,SEG02,67
U1674,SEG02,43
U1678,SEG02,79
U1685,SEG02,61
U1688,SEG02,43
U1698,SEG02,50
U1699,SEG02,48
U1707,SEG02,41
U1725,SEG02,47
U1730,SEG02,43
U1735,SEG02,69
U1736,SEG02,86
U1737,SEG02,47
U1743,SEG02,76
U1749,SEG02,72
U1753,SEG02,46
U1756,SEG02,63
U1775,SEG02,48
U1777,SEG02,80
U1778,SEG02,56
U1796,SEG02,41
U1800,SEG02,50
U1802,SEG02,42
U1804,SEG02,42
U1805,SEG02,55
U1817,SEG02,50
U1819,SEG02,58
U1821,SEG02,45
U1824,SEG02,72
U1828,SEG02,55
U1830,SEG02,43
U1859,SEG02,80
U1865,SEG02,59
U1877,SEG02,71
U1892,SEG02,41
U1897,SEG02,71
U1899,SEG02,86
U1911,SEG02,48
U1913,SEG02,60
U1921,SEG02,71
U1924,SEG02,66
U1929,SEG02,51
U1936,SEG02,67
U1940,SEG02,93
U1945,SEG02,60
U1957,SEG02,78
U1960,SEG02,54
U1966,SEG02,43
U1967,SEG02,54
U1982,SEG02,69
U1985,SEG02,63
U1986,SEG02,73
U1996,SEG02,59
U0007,SEG03,57
U0009,SEG03,55
U0013,SEG03,41
U0014,SEG03,50
U0015,SEG03,72
U0016,SEG03,61
U0017,SEG03,41
U0019,SEG03,48
U0023,SEG03,55
U0025,SEG03,98
U0026,SEG03,42
U0029,SEG03,51
U0030,SEG03,42
U0032,SEG03,86
U0042,SEG03,50
U0048,SEG03,98
U0050,SEG03,61
U0053,SEG03,45
U0056,SEG03,47
U0058,SEG03,66
U0059,SEG03,48
U0062,SEG03,84
U0063,SEG03,71
U0064,SEG03,48
U0066,SEG03,42
U0067,SEG03,57
U0068,SEG03,56
U0070,SEG03,68
U0078,SEG03,60
U0094,SEG03,48
U0097,SEG03,52
U0102,SEG03,83
U0114,SEG03,59
U0116,SEG03,61
U0123,SEG03,58
U0126,SEG03,81
U0127,SEG03,67
U0128,SEG03,47
U0134,SEG03,78
U0141,SEG03,58
U0145,SEG03,51
U0146,SEG03,82
U0147,SEG03,56
U0148,SEG03,53
U0149,SEG03,65
U0156,SEG03,65
U0157,SEG03,89
U0158,SEG03,52
U0160,SEG03,62
U0162,SEG03,76
U0164,SEG03,54
U0167,SEG03,78
U0175,SEG03,60
U0181,SEG03,47
U0186,SEG03,85
U0191,SEG03,94
U0196,SEG03,84
U0198,SEG03,72
U0199,SEG03,58
U0201,SEG03,88
U0205,SEG03,63
U0206,SEG03,87
U0211,SEG03,40
U0213,SEG03,60
U0217,SEG03,47
U0218,SEG03,49
U0219,SEG03,55
U0224,SEG03,46
U0226,SEG03,41
U0227,SEG03,61
U0230,SEG03,43
U0231,SEG03,76
U0233,SEG03,42
U0236,SEG03,81
U0239,SEG03,73
U0240,SEG03,50
U0241,SEG03,46
U0243,SEG03,77
U0247,SEG03,62
U0248,SEG03,70
U0259,SEG03,69
U0260,SEG03,49
U0262,SEG03,52
U0276,SEG03,41
U0278,SEG03,58
U0292,SEG03,46
U0293,SEG03,65
U0297,SEG03,53
U0298,SEG03,49
U0305,SEG03,82
U0306,SEG03,84
U0313,SEG03,46
U0317,SEG03,62
U0322,SEG03,57
U0323,SEG03,55
U0326,SEG03,83
U0328,SEG03,88
U0329,SEG03,47
U0331,SEG03,54
U0332,SEG03,86
U0333,SEG03,69
U0337,SEG03,81
U0339,SEG03,54
U0342,SEG03,50
U0345,SEG03,73
U0347,SEG03,55
U0351,SEG03,63
U0354,SEG03,45
U0355,SEG03,85
U0359,SEG03,66
U0360,SEG03,95
U0382,SEG03,59
U0394,SEG03,51
U0395,SEG03,79
U0399,SEG03,54
U0408,SEG03,95
U0410,SEG03,86
U0412,SEG03,43
U0413,SEG03,49
U0414,SEG03,44
U0420,SEG03,74
U0439,SEG03,90
U0445,SEG03,43
U0450,SEG03,75
U0454,SEG03,57
U0460,SEG03,45
U0462,SEG03,56
U0464,SEG03,70
U0466,SEG03,68
U0468,SEG03,66
U0477,SEG03,46
U0484,SEG03,53
U0485,SEG03,54
U0487,SEG03,79
U0489,SEG03,52
U0494,SEG03,64
U0495,SEG03,65
U0500,SEG03,53
U0509,SEG03,54
U0513,SEG03,51
U0519,SEG03,61
U0520,SEG03,50
U0525,SEG03,82
U0528,SEG03,50
U0530,SEG03,64
U0531,SEG03,60
U0540,SEG03,91
U0545,SEG03,52
U0550,SEG03,83
U0552,SEG03,49
U0553,SEG03,59
U0554,SEG03,69
U0558,SEG03,54
U0559,SEG03,63
U0571,SEG03,70
U0576,SEG03,58
U0578,SEG03,41
U0580,SEG03,60
U0583,SEG03,82
U0587,SEG03,48
U0590,SEG03,67
U0591,SEG03,48
U0594,SEG03,71
U0600,SEG03,42
U0606,SEG03,69
U0608,SEG03,77
U0609,SEG03,73
U0611,SEG03,72
U0617,SEG03,59
U0620,SEG03,89
U0621,SEG03,65
U0622,SEG03,44
U0627,SEG03,54
U0629,SEG03,67
U0634,SEG03,71
U0637,SEG03,48
U0638,SEG03,71
U0644,SEG03,70
U0649,SEG03,48
U0651,SEG03,76
U0659,SEG03,91
U0663,SEG03,48
U0664,SEG03,55
U0668,SEG03,49
U0671,SEG03,53
U0673,SEG03,54
U0674,SEG03,72
U0684,SEG03,42
U0686,SEG03,76
U0689,SEG03,68
U0691,SEG03,49
U0696,SEG03,95
U0698,SEG03,79
U0705,SEG03,50
U0707,SEG03,59
U0710,SEG03,77
U0719,SEG03,41
U0728,SEG03,53
U0731,SEG03,61
U0734,SEG03,66
U0736,SEG03,55
U0742,SEG03,63
U0743,SEG03,44
U0748,SEG03,65
U0749,SEG03,72
U0754,SEG03,80
U0755,SEG03,72
U0757,SEG03,41
U0759,SEG03,72
U0761,SEG03,41
U0764,SEG03,81
U0771,SEG03,62
U0774,SEG03,63
U0777,SEG03,42
U0780,SEG03,58
U0785,SEG03,88
U0789,SEG03,41
U0790,SEG03,50
U0792,SEG03,51
U0794,SEG03,61
U0797,SEG03,67
U0798,SEG03,81
U0799,SEG03,55
U0801,SEG03,48
U0804,SEG03,50
U0808,SEG03,51
U0809,SEG03,63
U0814,SEG03,55
U0818,SEG03,45
U0820,SEG03,42
U0829,SEG03,42
U0834,SEG03,49
U0836,SEG03,46
U0837,SEG03,47
U0839,SEG03,59
U0843,SEG03,56
U0847,SEG03,82
U0848,SEG03,79
U0854,SEG03,74
U0855,SEG03,65
U0856,SEG03,82
U0861,SEG03,48
U0868,SEG03,83
U0887,SEG03,41
U0889,SEG03,72
U0891,SEG03,47
U0892,SEG03,73
U0894,SEG03,56
U0898,SEG03,75
U0901,SEG03,88
U0903,SEG03,44
U0906,SEG03,42
U0907,SEG03,40
U0909,SEG03,42
U0913,SEG03,84
U0919,SEG03,54
U0920,SEG03,76
U0927,SEG03,62
U0929,SEG03,60
U0930,SEG03,45
U0931,SEG03,72
U0933,SEG03,72
U0938,SEG03,50
U0942,SEG03,70
U0944,SEG03,55
U0948,SEG03,79
U0949,SEG03,41
U0950,SEG03,78
U0955,SEG03,51
U0961,SEG03,76
U0966,SEG03,51
U0969,SEG03,60
U0970,SEG03,71
U0971,SEG03,68
U0976,SEG03,69
U0977,SEG03,40
U0978,SEG03,47
U0979,SEG03,88
U0980,SEG03,62
U0985,SEG03,48
U0991,SEG03,65
U0992,SEG03,57
U0993,SEG03,69
U0999,SEG03,61
U1006,SEG03,52
U1010,SEG03,46
U1012,SEG03,74
U1013,SEG03,77
U1014,SEG03,65
U1020,SEG03,47
U1023,SEG03,59
U1025,SEG03,58
U1031,SEG03,42
U1034,SEG03,58
U1037,SEG03,62
U1040,SEG03,71
U1042,SEG03,72
U1048,SEG03,45
U1050,SEG03,42
U1051,SEG03,44
U1054,SEG03,68
U1061,SEG03,60
U1062,SEG03,66
U1066,SEG03,80
U1073,SEG03,72
U1081,SEG03,52
U1090,SEG03,46
U1099,SEG03,52
U1103,SEG03,95
U1105,SEG03,63
U1106,SEG03,54
U1107,SEG03,70
U1123,SEG03,52
U1127,SEG03,48
U1128,SEG03,75
U1132,SEG03,70
U1136,SEG03,47
U1139,SEG03,76
U1146,SEG03,87
U1150,SEG03,41
U1154,SEG03,72
U1158,SEG03,72
U1159,SEG03,83
U1161,SEG03,44
U1169,SEG03,62
U1175,SEG03,49
U1181,SEG03,96
U1183,SEG03,58
U1184,SEG03,83
U1185,SEG03,60
U1187,SEG03,47
U1191,SEG03,60
U1192,SEG03,88
U1193,SEG03,73
U1199,SEG03,84
U1200,SEG03,61
U1202,SEG03,59
U1206,SEG03,87
U1208,SEG03,66
U1209,SEG03,54
U1215,SEG03,69
U1219,SEG03,47
U1220,SEG03,53
U1221,SEG03,59
U1224,SEG03,41
U1225,SEG03,82
U1226,SEG03,75
U1227,SEG03,74
U1228,SEG03,63
U1232,SEG03,43
U1235,SEG03,59
U1236,SEG03,84
U1237,SEG03,49
U1240,SEG03,45
U1241,SEG03,80
U1243,SEG03,56
U1247,SEG03,44
U1249,SEG03,57
U1253,SEG03,70
U1264,SEG03,43
U1265,SEG03,46
U1273,SEG03,95
U1275,SEG03,41
U1278,SEG03,46
U1283,SEG03,61
U1292,SEG03,52
U1298,SEG03,90
U1301,SEG03,51
U1303,SEG03,40
U1306,SEG03,45
U1311,SEG03,68
U1317,SEG03,78
U1330,SEG03,98
U1331,SEG03,53
U1334,SEG03,71
U1352,SEG03,44
U1353,SEG03,60
U1358,SEG03,78
U1359,SEG03,54
U1360,SEG03,59
U1361,SEG03,58
U1363,SEG03,55
U1365,SEG03,71
U1367,SEG03,74
U1369,SEG03,44
U1374,SEG03,75
U1378,SEG03,58
U1381,SEG03,42
U1387,SEG03,42
U1392,SEG03,45
U1394,SEG03,70
U1399,SEG03,53
U1408,SEG03,56
U1411,SEG03,69
U1413,SEG03,73
U1415,SEG03,58
U1422,SEG03,50
U1423,SEG03,42
U1424,SEG03,65
U1426,SEG03,63
U1429,SEG03,49
U1433,SEG03,46
U1434,SEG03,43
U1438,SEG03,57
U1439,SEG03,77
U1440,SEG03,94
U1448,SEG03,75
U1454,SEG03,85
U1457,SEG03,48
U1465,SEG03,48
U1468,SEG03,66
U1470,SEG03,67
U1471,SEG03,80
U1473,SEG03,44
U1475,SEG03,42
U1476,SEG03,56
U1478,SEG03,73
U1480,SEG03,67
U1485,SEG03,92
U1487,SEG03,44
U1492,SEG03,84
U1494,SEG03,83
U1499,SEG03,57
U1507,SEG03,84
U1514,SEG03,76
U1516,SEG03,57
U1520,SEG03,78
U1521,SEG03,60
U1527,SEG03,86
U1534,SEG03,82
U1550,SEG03,91
U1551,SEG03,59
U1555,SEG03,43
U1564,SEG03,77
U1567,SEG03,42
U1571,SEG03,50
U1578,SEG03,50
U1581,SEG03,75
U1586,SEG03,87
U1595,SEG03,69
U1597,SEG03,56
U1602,SEG03,69
U1604,SEG03,86
U1607,SEG03,80
U1614,SEG03,80
U1621,SEG03,41
U1622,SEG03,72
U1623,SEG03,70
U1624,SEG03,46
U1630,SEG03,60
U1641,SEG03,73
U1643,SEG03,51
U1644,SEG03,42
U1649,SEG03,70
U1658,SEG03,79
U1661,SEG03,51
U1664,SEG03,80
U1665,SEG03,48
U1670,SEG03,48
U1671,SEG03,83
U1672,SEG03,43
U1677,SEG03,49
U1680,SEG03,59
U1683,SEG03,88
U1686,SEG03,89
U1688,SEG03,68
U1690,SEG03,68
U1693,SEG03,63
U1694,SEG03,74
U1696,SEG03,93
U1697,SEG03,76
U1698,SEG03,41
U1699,SEG03,77
U1703,SEG03,48
U1704,SEG03,77
U1709,SEG03,63
U1710,SEG03,70
U1711,SEG03,55
U1717,SEG03,57
U1719,SEG03,41
U1721,SEG03,47
U1723,SEG03,69
U1726,SEG03,65
U1736,SEG03,50
U1747,SEG03,75
U1748,SEG03,44
U1754,SEG03,90
U1764,SEG03,83
U1769,SEG03,50
U1771,SEG03,58
U1774,SEG03,63
U1778,SEG03,67
U1779,SEG03,65
U1783,SEG03,47
U1784,SEG03,71
U1785,SEG03,63
U1786,SEG03,53
U1788,SEG03,69
U1789,SEG03,85
U1790,SEG03,79
U1799,SEG03,57
U1801,SEG03,82
U1805,SEG03,58
U1810,SEG03,74
U1811,SEG03,61
U1817,SEG03,44
U1818,SEG03,79
U1830,SEG03,52
U1833,SEG03,82
U1837,SEG03,50
U1850,SEG03,46
U1853,SEG03,87
U1855,SEG03,44
U1858,SEG03,49
U1860,SEG03,53
U1861,SEG03,71
U1864,SEG03,70
U1880,SEG03,61
U1881,SEG03,90
U1882,SEG03,82
U1883,SEG03,67
U1886,SEG03,85
U1894,SEG03,42
U1895,SEG03,52
U1899,SEG03,50
U1903,SEG03,63
U1905,SEG03,42
U1907,SEG03,59
U1908,SEG03,84
U1917,SEG03,83
U1919,SEG03,67
U1926,SEG03,83
U1932,SEG03,46
U1943,SEG03,85
U1946,SEG03,76
U1950,SEG03,57
U1952,SEG03,56
U1955,SEG03,62
U1956,SEG03,52
U1961,SEG03,53
U1964,SEG03,42
U1966,SEG03,70
U1968,SEG03,58
U1974,SEG03,90
U1976,SEG03,68
U1978,SEG03,73
U1994,SEG03,69
U1995,SEG03,62
U1997,SEG03,83
U0004,SEG04,81
U0008,SEG04,41
U0009,SEG04,61
U0015,SEG04,65
U0016,SEG04,49
U0021,SEG04,70
U0024,SEG04,44
U0027,SEG04,51
U0038,SEG04,53
U0040,SEG04,40
U0041,SEG04,48
U0049,SEG04,82
U0051,SEG04,60
U0054,SEG04,59
U0058,SEG04,41
U0060,SEG04,50
U0072,SEG04,76
U0073,SEG04,83
U0077,SEG04,87
U0086,SEG04,42
U0094,SEG04,45
U0098,SEG04,62
U0103,SEG04,77
U0104,SEG04,79
U0106,SEG04,43
U0114,SEG04,75
U0133,SEG04,79
U0143,SEG04,42
U0144,SEG04,42
U0159,SEG04,55
U0165,SEG04,46
U0175,SEG04,66
U0187,SEG04,57
U0191,SEG04,51
U0196,SEG04,86
U0200,SEG04,50
U0202,SEG04,77
U0213,SEG04,76
U0214,SEG04,41
U0218,SEG04,80
U0224,SEG04,55
U0225,SEG04,75
U0248,SEG04,47
U0260,SEG04,80
U0268,SEG04,69
U0275,SEG04,63
U0277,SEG04,81
U0283,SEG04,66
U0290,SEG04,68
U0292,SEG04,83
U0297,SEG04,50
U0302,SEG04,49
U0306,SEG04,44
U0308,SEG04,54
U0319,SEG04,64
U0320,SEG04,47
U0322,SEG04,72
U0329,SEG04,40
U0336,SEG04,69
U0339,SEG04,51
U0342,SEG04,46
U0361,SEG04,71
U0365,SEG04,60
U0369,SEG04,53
U0380,SEG04,53
U0382,SEG04,59
U0385,SEG04,61
U0386,SEG04,41
U0406,SEG04,86
U0417,SEG04,68
U0432,SEG04,60
U0444,SEG04,71
U0445,SEG04,91
U0448,SEG04,43
U0465,SEG04,99
U0481,SEG04,48
U0483,SEG04,61
U0485,SEG04,62
U0486,SEG04,51
U0494,SEG04,66
U0500,SEG04,49
U0501,SEG04,49
U0503,SEG04,42
U0504,SEG04,47
U0505,SEG04,73
U0513,SEG04,41
U0515,SEG04,49
U0516,SEG04,46
U0517,SEG04,42
U0523,SEG04,77
U0525,SEG04,44
U0530,SEG04,53
U0536,SEG04,56
U0563,SEG04,60
U0571,SEG04,65
U0578,SEG04,60
U0579,SEG04,41
U0582,SEG04,41
U0602,SEG04,41
U0614,SEG04,52
U0616,SEG04,78
U0622,SEG04,68
U0646,SEG04,66
U0648,SEG04,64
U0651,SEG04,43
U0659,SEG04,59
U0663,SEG04,41
U0671,SEG04,67
U0680,SEG04,43
U0682,SEG04,57
U0683,SEG04,55
U0693,SEG04,55
U0699,SEG04,55
U0704,SEG04,71
U0709,SEG04,68
U0717,SEG04,64
U0718,SEG04,61
U0727,SEG04,66
U0735,SEG04,54
U0738,SEG04,54
U0741,SEG04,49
U0749,SEG04,66
U0752,SEG04,64
U0753,SEG04,61
U0754,SEG04,60
U0755,SEG04,50
U0760,SEG04,67
U0764,SEG04,40
U0779,SEG04,52
U0790,SEG04,65
U0791,SEG04,51
U0796,SEG04,59
U0799,SEG04,63
U0804,SEG04,75
U0808,SEG04,54
U0817,SEG04,92
U0818,SEG04,69
U0819,SEG04,78
U0823,SEG04,50
U0826,SEG04,42
U0828,SEG04,54
U0836,SEG04,63
U0850,SEG04,87
U0855,SEG04,63
U0859,SEG04,90
U0865,SEG04,44
U0869,SEG04,66
U0877,SEG04,61
U0881,SEG04,51
U0887,SEG04,60
U0888,SEG04,57
U0896,SEG04,87
U0899,SEG04,63
U0901,SEG04,68
U0904,SEG04,83
U0905,SEG04,91
U0907,SEG04,84
U0922,SEG04,55
U0923,SEG04,84
U0928,SEG04,68
U0929,SEG04,56
U0932,SEG04,56
U0933,SEG04,71
U0939,SEG04,60
U0941,SEG04,46
U0942,SEG04,70
U0949,SEG04,46
U0954,SEG04,57
U0960,SEG04,54
U0967,SEG04,46
U0968,SEG04,50
U0973,SEG04,53
U0979,SEG04,57
U0980,SEG04,74
U0985,SEG04,51
U0987,SEG04,54
U0995,SEG04,48
U1016,SEG04,57
U1017,SEG04,65
U1027,SEG04,44
U1030,SEG04,58
U1058,SEG04,65
U1063,SEG04,58
U1064,SEG04,70
U1082,SEG04,46
U1092,SEG04,41
U1093,SEG04,62
U1095,SEG04,60
U1099,SEG04,55
U1102,SEG04,46
U1108,SEG04,51
U1113,SEG04,63
U1116,SEG04,42
U1117,SEG04,53
U1120,SEG04,65
U1137,SEG04,41
U1139,SEG04,42
U1152,SEG04,43
U1166,SEG04,46
U1181,SEG04,59
U1186,SEG04,62
U1197,SEG04,48
U1199,SEG04,47
U1213,SEG04,52
U1215,SEG04,45
U1220,SEG04,44
U1222,SEG04,41
U1224,SEG04,45
U1225,SEG04,45
U1241,SEG04,54
U1243,SEG04,54
U1246,SEG04,74
U1250,SEG04,52
U1260,SEG04,59
U1286,SEG04,60
U1287,SEG04,41
U1299,SEG04,43
U1301,SEG04,41
U1311,SEG04,46
U1318,SEG04,41
U1319,SEG04,79
U1328,SEG04,72
U1333,SEG04,70
U1338,SEG04,54
U1355,SEG04,50
U1360,SEG04,50
U1363,SEG04,42
U1371,SEG04,53
U1381,SEG04,52
U1382,SEG04,60
U1387,SEG04,41
U1398,SEG04,82
U1402,SEG04,44
U1414,SEG04,52
U1422,SEG04,80
U1432,SEG04,52
U1448,SEG04,68
U1450,SEG04,93
U1462,SEG04,86
U1467,SEG04,83
U1481,SEG04,45
U1492,SEG04,49
U1493,SEG04,64
U1494,SEG04,66
U1504,SEG04,69
U1508,SEG04,47
U1509,SEG04,55
U1510,SEG04,47
U1511,SEG04,61
U1517,SEG04,68
U1519,SEG04,67
U1527,SEG04,59
U1540,SEG04,40
U1544,SEG04,66
U1550,SEG04,79
U1551,SEG04,46
U1555,SEG04,54
U1558,SEG04,42
U1567,SEG04,50
U1569,SEG04,72
U1580,SEG04,53
U1593,SEG04,76
U1616,SEG04,58
U1619,SEG04,45
U1625,SEG04,55
U1637,SEG04,68
U1644,SEG04,41
U1646,SEG04,63
U1672,SEG04,42
U1674,SEG04,63
U1686,SEG04,63
U1688,SEG04,51
U1712,SEG04,51
U1715,SEG04,56
U1718,SEG04,49
U1721,SEG04,43
U1741,SEG04,85
U1761,SEG04,83
U1766,SEG04,71
U1768,SEG04,46
U1772,SEG04,54
U1781,SEG04,57
U1790,SEG04,69
U1800,SEG04,45
U1809,SEG04,67
U1815,SEG04,53
U1822,SEG04,62
U1838,SEG04,79
U1840,SEG04,44
U1842,SEG04,43
U1849,SEG04,62
U1858,SEG04,41
U1865,SEG04,75
U1868,SEG04,55
U1878,SEG04,58
U1883,SEG04,41
U1885,SEG04,57
U1897,SEG04,47
U1902,SEG04,46
U1924,SEG04,69
U1933,SEG04,42
U1935,SEG04,43
U1942,SEG04,90
U1954,SEG04,52
U1961,SEG04,53
U1964,SEG04,48
U1977,SEG04,59
U1978,SEG04,49
U1981,SEG04,50
U1983,SEG04,45
U1989,SEG04,57
U1995,SEG04,54
U1996,SEG04,70
U1998,SEG04,43
U0007,SEG05,60
U0011,SEG05,67
U0012,SEG05,78
U0015,SEG05,65
U0016,SEG05,61
U0017,SEG05,41
U0035,SEG05,63
U0041,SEG05,85
U0043,SEG05,55
U0048,SEG05,45
U0053,SEG05,63
U0061,SEG05,65
U0063,SEG05,41
U0070,SEG05,75
U0071,SEG05,47
U0072,SEG05,85
U0077,SEG05,73
U0088,SEG05,58
U0095,SEG05,59
U0111,SEG05,42
U0115,SEG05,42
U0124,SEG05,46
U0128,SEG05,47
U0132,SEG05,63
U0142,SEG05,56
U0146,SEG05,57
U0150,SEG05,71
U0153,SEG05,43
U0158,SEG05,60
U0161,SEG05,55
U0162,SEG05,41
U0163,SEG05,74
U0165,SEG05,42
U0166,SEG05,84
U0167,SEG05,52
U0169,SEG05,67
U0176,SEG05,70
U0181,SEG05,40
U0185,SEG05,46
U0190,SEG05,48
U0196,SEG05,47
U0198,SEG05,43
U0200,SEG05,48
U0210,SEG05,74
U0214,SEG05,65
U0216,SEG05,51
U0217,SEG05,73
U0223,SEG05,88
U0235,SEG05,65
U0238,SEG05,72
U0251,SEG05,49
U0256,SEG05,54
U0264,SEG05,60
U0265,SEG05,64
U0272,SEG05,51
U0273,SEG05,56
U0277,SEG05,89
U0278,SEG05,41
U0280,SEG05,57
U0282,SEG05,74
U0286,SEG05,55
U0287,SEG05,45
U0300,SEG05,62
U0309,SEG05,64
U0316,SEG05,49
U0317,SEG05,50
U0319,SEG05,63
U0321,SEG05,53
U0328,SEG05,83
U0329,SEG05,59
U0333,SEG05,42
U0339,SEG05,83
U0343,SEG05,54
U0344,SEG05,84
U0345,SEG05,53
U0352,SEG05,48
U0356,SEG05,78
U0360,SEG05,43
U0361,SEG05,56
U0371,SEG05,88
U0386,SEG05,63
U0393,SEG05,51
U0394,SEG05,64
U0395,SEG05,46
U0399,SEG05,59
U0410,SEG05,62
U0415,SEG05,40
U0420,SEG05,89
U0427,SEG05,61
U0429,SEG05,57
U0436,SEG05,42
U0438,SEG05,42
U0441,SEG05,70
U0442,SEG05,48
U0443,SEG05,45
U0454,SEG05,71
U0459,SEG05,46
U0461,SEG05,49
U0463,SEG05,43
U0483,SEG05,70
U0488,SEG05,78
U0489,SEG05,66
U0493,SEG05,59
U0494,SEG05,60
U0500,SEG05,49
U0504,SEG05,64
U0509,SEG05,43
U0512,SEG05,57
U0518,SEG05,44
U0534,SEG05,45
U0542,SEG05,56
U0554,SEG05,58
U0556,SEG05,41
U0558,SEG05,51
U0566,SEG05,49
U0568,SEG05,48
U0569,SEG05,48
U0570,SEG05,62
U0572,SEG05,56
U0581,SEG05,77
U0589,SEG05,50
U0596,SEG05,63
U0599,SEG05,59
U0604,SEG05,66
U0608,SEG05,72
U0617,SEG05,52
U0619,SEG05,53
U0625,SEG05,41
U0628,SEG05,49
U0629,SEG05,59
U0631,SEG05,53
U0636,SEG05,75
U0638,SEG05,54
U0640,SEG05,72
U0641,SEG05,49
U0650,SEG05,40
U0659,SEG05,43
U0660,SEG05,58
U0663,SEG05,65
U0667,SEG05,47
U0682,SEG05,75
U0683,SEG05,41
U0685,SEG05,55
U0686,SEG05,67
U0708,SEG05,69
U0709,SEG05,64
U0711,SEG05,68
U0712,SEG05,50
U0721,SEG05,62
U0729,SEG05,50
U0737,SEG05,51
U0738,SEG05,68
U0753,SEG05,45
U0757,SEG05,45
U0758,SEG05,48
U0761,SEG05,61
U0764,SEG05,68
U0768,SEG05,75
U0773,SEG05,73
U0775,SEG05,50
U0781,SEG05,44
U0788,SEG05,89
U0792,SEG05,50
U0794,SEG05,51
U0797,SEG05,48
U0802,SEG05,52
U0823,SEG05,40
U0825,SEG05,41
U0829,SEG05,57
U0836,SEG05,85
U0839,SEG05,63
U0845,SEG05,52
U0850,SEG05,44
U0869,SEG05,47
U0878,SEG05,62
U0888,SEG05,77
U0896,SEG05,43
U0902,SEG05,88
U0908,SEG05,60
U0920,SEG05,42
U0924,SEG05,42
U0926,SEG05,69
U0928,SEG05,76
U0933,SEG05,67
U0934,SEG05,49
U0941,SEG05,74
U0942,SEG05,48
U0945,SEG05,69
U0952,SEG05,44
U0961,SEG05,44
U0999,SEG05,82
U1000,SEG05,87
U1007,SEG05,44
U1008,SEG05,76
U1014,SEG05,62
U1016,SEG05,76
U1020,SEG05,80
U1022,SEG05,80
U1026,SEG05,42
U1030,SEG05,76
U1032,SEG05,42
U1035,SEG05,80
U1057,SEG05,57
U1059,SEG05,46
U1067,SEG05,63
U1069,SEG05,75
U1070,SEG05,60
U1072,SEG05,47
U1081,SEG05,44
U1083,SEG05,53
U1092,SEG05,79
U1094,SEG05,50
U1098,SEG05,57
U1105,SEG05,60
U1107,SEG05,65
U1111,SEG05,45
U1112,SEG05,61
U1115,SEG05,41
U1121,SEG05,40
U1122,SEG05,47
U1127,SEG05,60
U1130,SEG05,52
U1131,SEG05,61
U1136,SEG05,60
U1146,SEG05,52
U1147,SEG05,56
U1170,SEG05,64
U1178,SEG05,41
U1179,SEG05,48
U1181,SEG05,71
U1200,SEG05,70
U1210,SEG05,73
U1218,SEG05,49
U1219,SEG05,58
U1220,SEG05,68
U1223,SEG05,53
U1228,SEG05,55
U1232,SEG05,63
U1239,SEG05,80
U1243,SEG05,72
U1246,SEG05,74
U1249,SEG05,64
U1251,SEG05,75
U1258,SEG05,65
U1259,SEG05,46
U1260,SEG05,50
U1270,SEG05,77
U1292,SEG05,56
U1300,SEG05,48
U1302,SEG05,56
U1308,SEG05,77
U1313,SEG05,47
U1318,SEG05,56
U1324,SEG05,51
U1328,SEG05,43
U1331,SEG05,49
U1340,SEG05,73
U1347,SEG05,47
U1349,SEG05,63
U1371,SEG05,65
U1373,SEG05,41
U1390,SEG05,76
U1400,SEG05,80
U1409,SEG05,41
U1419,SEG05,55
U1420,SEG05,85
U1424,SEG05,43
U1434,SEG05,62
U1439,SEG05,69
U1440,SEG05,79
U1447,SEG05,61
U1449,SEG05,49
U1450,SEG05,83
U1454,SEG05,56
U1457,SEG05,61
U1463,SEG05,81
U1467,SEG05,89
U1471,SEG05,51
U1477,SEG05,60
U1480,SEG05,57
U1484,SEG05,49
U1501,SEG05,56
U1506,SEG05,86
U1509,SEG05,72
U1511,SEG05,66
U1515,SEG05,76
U1518,SEG05,41
U1521,SEG05,67
U1523,SEG05,75
U1527,SEG05,49
U1541,SEG05,45
U1544,SEG05,71
U1546,SEG05,67
U1548,SEG05,71
U1551,SEG05,90
U1557,SEG05,48
U1562,SEG05,82
U1571,SEG05,44
U1577,SEG05,80
U1586,SEG05,48
U1601,SEG05,76
U1610,SEG05,43
U1619,SEG05,82
U1623,SEG05,54
U1646,SEG05,58
U1652,SEG05,63
U1670,SEG05,55
U1673,SEG05,45
U1700,SEG05,52
U1703,SEG05,50
U1713,SEG05,81
U1716,SEG05,45
U1723,SEG05,40
U1725,SEG05,44
U1727,SEG05,52
U1732,SEG05,57
U1735,SEG05,43
U1739,SEG05,87
U1746,SEG05,42
U1747,SEG05,58
U1755,SEG05,84
U1777,SEG05,48
U1784,SEG05,45
U1793,SEG05,94
U1796,SEG05,74
U1797,SEG05,60
U1801,SEG05,44
U1812,SEG05,65
U1814,SEG05,41
U1816,SEG05,72
U1819,SEG05,94
U1822,SEG05,52
U1823,SEG05,63
U1832,SEG05,76
U1836,SEG05,46
U1839,SEG05,63
U1845,SEG05,59
U1852,SEG05,62
U1854,SEG05,64
U1857,SEG05,55
U1863,SEG05,56
U1865,SEG05,62
U1889,SEG05,71
U1900,SEG05,56
U1910,SEG05,62
U1920,SEG05,50
U1930,SEG05,60
U1939,SEG05,50
U1945,SEG05,45
U1955,SEG05,67
U1957,SEG05,42
U1962,SEG05,74
U1964,SEG05,92
U1968,SEG05,89
U1979,SEG05,47
U1982,SEG05,71
U1998,SEG05,59
U0001,SEG06,57
U0002,SEG06,51
U0009,SEG06,76
U0014,SEG06,89
U0025,SEG06,68
U0026,SEG06,79
U0030,SEG06,59
U0031,SEG06,54
U0032,SEG06,64
U0045,SEG06,49
U0049,SEG06,45
U0057,SEG06,58
U0081,SEG06,45
U0089,SEG06,90
U0090,SEG06,47
U0092,SEG06,55
U0101,SEG06,54
U0102,SEG06,47
U0107,SEG06,60
U0109,SEG06,53
U0115,SEG06,87
U0133,SEG06,65
U0136,SEG06,59
U0137,SEG06,96
U0143,SEG06,43
U0145,SEG06,76
U0149,SEG06,69
U0152,SEG06,52
U0158,SEG06,51
U0162,SEG06,63
U0166,SEG06,78
U0175,SEG06,44
U0177,SEG06,53
U0185,SEG06,44
U0198,SEG06,44
U0199,SEG06,61
U0200,SEG06,82
U0204,SEG06,41
U0205,SEG06,92
U0211,SEG06,63
U0213,SEG06,49
U0217,SEG06,58
U0221,SEG06,66
U0228,SEG06,49
U0232,SEG06,48
U0234,SEG06,74
U0244,SEG06,83
U0255,SEG06,46
U0257,SEG06,91
U0260,SEG06,44
U0265,SEG06,62
U0270,SEG06,51
U0274,SEG06,59
U0278,SEG06,56
U0285,SEG06,43
U0290,SEG06,78
U0292,SEG06,72
U0297,SEG06,74
U0304,SEG06,82
U0310,SEG06,45
U0313,SEG06,45
U0318,SEG06,67
U0328,SEG06,75
U0331,SEG06,82
U0345,SEG06,63
U0348,SEG06,51
U0350,SEG06,41
U0351,SEG06,73
U0359,SEG06,77
U0361,SEG06,41
U0364,SEG06,81
U0365,SEG06,46
U0369,SEG06,45
U0371,SEG06,65
U0374,SEG06,72
U0381,SEG06,65
U0384,SEG06,49
U0391,SEG06,72
U0400,SEG06,48
U0411,SEG06,45
U0414,SEG06,54
U0416,SEG06,55
U0421,SEG06,85
U0425,SEG06,46
U0435,SEG06,51
U0439,SEG06,42
U0440,SEG06,51
U0443,SEG06,58
U0448,SEG06,71
U0449,SEG06,52
U0457,SEG06,86
U0459,SEG06,43
U0464,SEG06,63
U0466,SEG06,49
U0474,SEG06,60
U0477,SEG06,86
U0478,SEG06,73
U0479,SEG06,68
U0482,SEG06,60
U0484,SEG06,86
U0498,SEG06,62
U0508,SEG06,62
U0511,SEG06,68
U0514,SEG06,88
U0526,SEG06,56
U0527,SEG06,59
U0530,SEG06,64
U0537,SEG06,51
U0538,SEG06,47
U0546,SEG06,55
U0547,SEG06,47
U0556,SEG06,87
U0561,SEG06,40
U0564,SEG06,50
U0568,SEG06,66
U0569,SEG06,61
U0578,SEG06,57
U0579,SEG06,59
U0580,SEG06,57
U0582,SEG06,53
U0594,SEG06,44
U0606,SEG06,46
U0612,SEG06,51
U0614,SEG06,50
U0622,SEG06,78
U0634,SEG06,54
U0636,SEG06,75
U0638,SEG06,43
U0640,SEG06,85
U0643,SEG06,59
U0656,SEG06,73
U0662,SEG06,54
U0663,SEG06,84
U0665,SEG06,45
U0682,SEG06,96
U0685,SEG06,45
U0695,SEG06,47
U0697,SEG06,42
U0713,SEG06,52
U0716,SEG06,78
U0719,SEG06,54
U0722,SEG06,56
U0728,SEG06,69
U0742,SEG06,56
U0746,SEG06,59
U0752,SEG06,62
U0761,SEG06,95
U0762,SEG06,70
U0763,SEG06,67
U0767,SEG06,44
U0768,SEG06,45
U0809,SEG06,51
U0810,SEG06,52
U0813,SEG06,59
U0815,SEG06,49
U0818,SEG06,65
U0821,SEG06,90
U0845,SEG06,59
U0848,SEG06,70
U0865,SEG06,62
U0867,SEG06,65
U0871,SEG06,49
U0877,SEG06,40
U0886,SEG06,81
U0888,SEG06,82
U0891,SEG06,52
U0902,SEG06,46
U0907,SEG06,59
U0913,SEG06,42
U0915,SEG06,87
U0922,SEG06,82
U0925,SEG06,55
U0927,SEG06,70
U0935,SEG06,48
U0938,SEG06,67
U0939,SEG06,48
U0941,SEG06,59
U0944,SEG06,53
U0946,SEG06,50
U0954,SEG06,61
U0958,SEG06,48
U0963,SEG06,95
U0983,SEG06,62
U0985,SEG06,73
U0987,SEG06,71
U0989,SEG06,48
U1002,SEG06,40
U1012,SEG06,61
U1013,SEG06,91
U1022,SEG06,81
U1033,SEG06,61
U1034,SEG06,52
U1053,SEG06,60
U1070,SEG06,46
U1072,SEG06,96
U1077,SEG06,72
U1079,SEG06,81
U1085,SEG06,75
U1098,SEG06,66
U1107,SEG06,43
U1108,SEG06,42
U1109,SEG06,70
U1111,SEG06,67
U1115,SEG06,47
U1125,SEG06,79
U1133,SEG06,70
U1136,SEG06,93
U1151,SEG06,40
U1161,SEG06,70
U1170,SEG06,77
U1180,SEG06,42
U1187,SEG06,73
U1188,SEG06,55
U1198,SEG06,76
U1209,SEG06,78
U1212,SEG06,52
U1213,SEG06,80
U1216,SEG06,46
U1217,SEG06,66
U1225,SEG06,45
U1232,SEG06,63
U1233,SEG06,49
U1237,SEG06,40
U1238,SEG06,60
U1241,SEG06,44
U1244,SEG06,76
U1246,SEG06,67
U1247,SEG06,49
U1251,SEG06,73
U1267,SEG06,73
U1271,SEG06,40
U1276,SEG06,61
U1279,SEG06,52
U1280,SEG06,49
U1283,SEG06,48
U1289,SEG06,62
U1299,SEG06,64
U1304,SEG06,45
U1306,SEG06,63
U1308,SEG06,65
U1311,SEG06,51
U1314,SEG06,46
U1315,SEG06,65
U1316,SEG06,76
U1317,SEG06,78
U1318,SEG06,61
U1327,SEG06,41
U1339,SEG06,44
U1349,SEG06,60
U1352,SEG06,95
U1360,SEG06,71
U1361,SEG06,66
U1362,SEG06,53
U1372,SEG06,41
U1377,SEG06,46
U1381,SEG06,57
U1390,SEG06,43
U1401,SEG06,59
U1405,SEG06,49
U1422,SEG06,48
U1432,SEG06,46
U1443,SEG06,53
U1452,SEG06,45
U1456,SEG06,54
U1461,SEG06,61
U1466,SEG06,42
U1468,SEG06,82
U1475,SEG06,90
U1479,SEG06,66
U1484,SEG06,58
U1487,SEG06,82
U1490,SEG06,77
U1493,SEG06,55
U1507,SEG06,42
U1510,SEG06,48
U1531,SEG06,68
U1536,SEG06,49
U1539,SEG06,91
U1545,SEG06,58
U1552,SEG06,63
U1562,SEG06,46
U1565,SEG06,43
U1568,SEG06,47
U1579,SEG06,45
U1584,SEG06,62
U1602,SEG06,64
U1613,SEG06,42
U1614,SEG06,53
U1638,SEG06,40
U1639,SEG06,74
U1644,SEG06,73
U1656,SEG06,44
U1660,SEG06,59
U1662,SEG06,43
U1665,SEG06,65
U1670,SEG06,55
U1675,SEG06,66
U1677,SEG06,81
U1682,SEG06,50
U1688,SEG06,60
U1695,SEG06,67
U1699,SEG06,50
U1707,SEG06,75
U1714,SEG06,50
U1717,SEG06,71
U1721,SEG06,41
U1723,SEG06,70
U1729,SEG06,70
U1734,SEG06,56
U1736,SEG06,44
U1738,SEG06,85
U1745,SEG06,43
U1751,SEG06,43
U1758,SEG06,84
U1759,SEG06,69
U1766,SEG06,48
U1767,SEG06,50
U1776,SEG06,56
U1780,SEG06,85
U1790,SEG06,65
U1801,SEG06,43
U1805,SEG06,43
U1806,SEG06,63
U1808,SEG06,79
U1809,SEG06,68
U1810,SEG06,69
U1811,SEG06,59
U1813,SEG06,58
U1839,SEG06,47
U1843,SEG06,54
U1849,SEG06,89
U1851,SEG06,44
U1853,SEG06,51
U1859,SEG06,41
U1865,SEG06,50
U1867,SEG06,50
U1873,SEG06,58
U1878,SEG06,54
U1880,SEG06,76
U1882,SEG06,83
U1884,SEG06,73
U1885,SEG06,51
U1892,SEG06,84
U1894,SEG06,75
U1896,SEG06,57
U1900,SEG06,54
U1904,SEG06,81
U1907,SEG06,58
U1908,SEG06,77
U1913,SEG06,59
U1919,SEG06,83
U1935,SEG06,79
U1941,SEG06,67
U1942,SEG06,64
U1950,SEG06,50
U1956,SEG06,61
U1959,SEG06,50
U1966,SEG06,79
U1977,SEG06,47
U1989,SEG06,49
U1992,SEG06,51
U1997,SEG06,56
U2000,SEG06,41
U0003,SEG07,61
U0016,SEG07,25
U0017,SEG07,71
U0018,SEG07,26
U0023,SEG07,67
U0025,SEG07,31
U0030,SEG07,41
U0032,SEG07,31
U0033,SEG07,30
U0035,SEG07,51
U0048,SEG07,25
U0053,SEG07,53
U0067,SEG07,25
U0080,SEG07,71
U0081,SEG07,46
U0082,SEG07,74
U0101,SEG07,40
U0102,SEG07,25
U0106,SEG07,77
U0109,SEG07,64
U0117,SEG07,25
U0119,SEG07,25
U0132,SEG07,52
U0134,SEG07,28
U0135,SEG07,45
U0143,SEG07,25
U0147,SEG07,47
U0151,SEG07,65
U0152,SEG07,25
U0158,SEG07,30
U0164,SEG07,85
U0178,SEG07,48
U0181,SEG07,71
U0183,SEG07,25
U0192,SEG07,89
U0193,SEG07,54
U0199,SEG07,44
U0201,SEG07,64
U0207,SEG07,45
U0212,SEG07,53
U0226,SEG07,42
U0229,SEG07,25
U0235,SEG07,59
U0249,SEG07,25
U0252,SEG07,25
U0255,SEG07,72
U0264,SEG07,40
U0267,SEG07,43
U0279,SEG07,40
U0286,SEG07,68
U0290,SEG07,67
U0316,SEG07,60
U0318,SEG07,25
U0319,SEG07,45
U0321,SEG07,25
U0324,SEG07,46
U0329,SEG07,32
U0336,SEG07,28
U0353,SEG07,25
U0373,SEG07,54
U0378,SEG07,59
U0381,SEG07,66
U0389,SEG07,33
U0391,SEG07,76
U0402,SEG07,54
U0404,SEG07,55
U0408,SEG07,74
U0410,SEG07,41
U0413,SEG07,25
U0418,SEG07,62
U0420,SEG07,63
U0423,SEG07,57
U0425,SEG07,25
U0427,SEG07,53
U0430,SEG07,25
U0431,SEG07,51
U0432,SEG07,68
U0434,SEG07,59
U0445,SEG07,59
U0452,SEG07,55
U0453,SEG07,59
U0457,SEG07,59
U0460,SEG07,83
U0467,SEG07,66
U0475,SEG07,47
U0477,SEG07,25
U0480,SEG07,34
U0486,SEG07,25
U0488,SEG07,59
U0500,SEG07,25
U0502,SEG07,42
U0510,SEG07,57
U0523,SEG07,83
U0525,SEG07,51
U0528,SEG07,37
U0532,SEG07,63
U0542,SEG07,42
U0544,SEG07,71
U0548,SEG07,25
U0569,SEG07,63
U0572,SEG07,59
U0573,SEG07,49
U0575,SEG07,31
U0583,SEG07,61
U0595,SEG07,68
U0599,SEG07,53
U0606,SEG07,25
U0611,SEG07,45
U0625,SEG07,70
U0626,SEG07,33
U0628,SEG07,62
U0629,SEG07,25
U0638,SEG07,54
U0651,SEG07,25
U0653,SEG07,59
U0655,SEG07,55
U0663,SEG07,43
U0677,SEG07,50
U0678,SEG07,25
U0683,SEG07,92
U0686,SEG07,25
U0692,SEG07,43
U0697,SEG07,25
U0709,SEG07,67
U0713,SEG07,43
U0716,SEG07,25
U0719,SEG07,59
U0722,SEG07,32
U0726,SEG07,60
U0733,SEG07,91
U0756,SEG07,67
U0759,SEG07,25
U0761,SEG07,27
U0765,SEG07,41
U0786,SEG07,25
U0797,SEG07,51
U0818,SEG07,25
U0819,SEG07,25
U0822,SEG07,55
U0826,SEG07,66
U0838,SEG07,44
U0840,SEG07,62
U0846,SEG07,56
U0855,SEG07,29
U0865,SEG07,25
U0866,SEG07,77
U0867,SEG07,25
U0885,SEG07,25
U0886,SEG07,50
U0901,SEG07,49
U0903,SEG07,25
U0904,SEG07,25
U0907,SEG07,38
U0913,SEG07,40
U0930,SEG07,33
U0931,SEG07,47
U0946,SEG07,37
U0952,SEG07,25
U0957,SEG07,77
U0972,SEG07,50
U0974,SEG07,44
U0977,SEG07,25
U0979,SEG07,44
U0993,SEG07,38
U1012,SEG07,25
U1013,SEG07,50
U1017,SEG07,49
U1021,SEG07,43
U1026,SEG07,25
U1037,SEG07,54
U1041,SEG07,37
U1065,SEG07,46
U1066,SEG07,34
U1069,SEG07,78
U1079,SEG07,64
U1081,SEG07,50
U1085,SEG07,65
U1086,SEG07,27
U1095,SEG07,71
U1101,SEG07,47
U1102,SEG07,25
U1107,SEG07,48
U1113,SEG07,44
U1115,SEG07,25
U1127,SEG07,44
U1142,SEG07,55
U1145,SEG07,71
U1151,SEG07,25
U1156,SEG07,25
U1157,SEG07,25
U1162,SEG07,43
U1165,SEG07,49
U1167,SEG07,57
U1170,SEG07,41
U1176,SEG07,55
U1201,SEG07,53
U1202,SEG07,41
U1209,SEG07,25
U1215,SEG07,40
U1222,SEG07,36
U1233,SEG07,41
U1236,SEG07,73
U1239,SEG07,66
U1243,SEG07,25
U1252,SEG07,38
U1264,SEG07,69
U1274,SEG07,44
U1288,SEG07,25
U1290,SEG07,55
U1297,SEG07,69
U1312,SEG07,27
U1322,SEG07,40
U1327,SEG07,40
U1331,SEG07,51
U1333,SEG07,62
U1335,SEG07,31
U1347,SEG07,76
U1349,SEG07,61
U1354,SEG07,48
U1356,SEG07,25
U1357,SEG07,71
U1360,SEG07,25
U1361,SEG07,25
U1395,SEG07,71
U1396,SEG07,25
U1406,SEG07,25
U1425,SEG07,53
U1438,SEG07,40
U1440,SEG07,41
U1445,SEG07,28
U1446,SEG07,28
U1451,SEG07,58
U1463,SEG07,25
U1472,SEG07,47
U1487,SEG07,25
U1499,SEG07,67
U1502,SEG07,33
U1503,SEG07,75
U1512,SEG07,76
U1533,SEG07,25
U1538,SEG07,46
U1541,SEG07,42
U1544,SEG07,68
U1547,SEG07,25
U1548,SEG07,83
U1551,SEG07,64
U1558,SEG07,44
U1574,SEG07,40
U1580,SEG07,28
U1581,SEG07,58
U1584,SEG07,77
U1598,SEG07,25
U1603,SEG07,25
U1604,SEG07,47
U1605,SEG07,56
U1620,SEG07,25
U1631,SEG07,31
U1634,SEG07,25
U1640,SEG07,25
U1667,SEG07,56
U1675,SEG07,43
U1681,SEG07,67
U1697,SEG07,25
U1698,SEG07,44
U1699,SEG07,25
U1700,SEG07,25
U1703,SEG07,37
U1706,SEG07,52
U1719,SEG07,45
U1727,SEG07,58
U1756,SEG07,58
U1759,SEG07,63
U1770,SEG07,34
U1782,SEG07,53
U1783,SEG07,43
U1790,SEG07,51
U1803,SEG07,62
U1805,SEG07,60
U1811,SEG07,25
U1812,SEG07,91
U1815,SEG07,25
U1822,SEG07,44
U1831,SEG07,84
U1837,SEG07,25
U1843,SEG07,63
U1845,SEG07,50
U1851,SEG07,45
U1856,SEG07,81
U1860,SEG07,85
U1863,SEG07,25
U1870,SEG07,33
U1878,SEG07,44
U1879,SEG07,47
U1889,SEG07,25
U1890,SEG07,62
U1893,SEG07,52
U1896,SEG07,67
U1900,SEG07,48
U1911,SEG07,30
U1917,SEG07,25
U1925,SEG07,47
U1928,SEG07,45
U1931,SEG07,27
U1932,SEG07,55
U1946,SEG07,25
U1957,SEG07,69
U1971,SEG07,50
U1989,SEG07,60
U1999,SEG07,53
U0003,SEG08,64
U0007,SEG08,51
U0010,SEG08,53
U0013,SEG08,44
U0015,SEG08,53
U0022,SEG08,42
U0025,SEG08,42
U0033,SEG08,41
U0036,SEG08,62
U0043,SEG08,44
U0047,SEG08,76
U0049,SEG08,51
U0067,SEG08,74
U0069,SEG08,48
U0073,SEG08,50
U0080,SEG08,77
U0083,SEG08,64
U0086,SEG08,51
U0087,SEG08,55
U0090,SEG08,70
U0093,SEG08,44
U0094,SEG08,59
U0105,SEG08,86
U0114,SEG08,48
U0116,SEG08,50
U0117,SEG08,75
U0124,SEG08,42
U0129,SEG08,56
U0131,SEG08,43
U0132,SEG08,51
U0139,SEG08,52
U0152,SEG08,71
U0157,SEG08,54
U0162,SEG08,79
U0163,SEG08,46
U0167,SEG08,40
U0170,SEG08,65
U0176,SEG08,49
U0187,SEG08,60
U0194,SEG08,56
U0208,SEG08,51
U0210,SEG08,52
U0212,SEG08,66
U0221,SEG08,49
U0237,SEG08,52
U0242,SEG08,65
U0245,SEG08,42
U0254,SEG08,67
U0257,SEG08,69
U0263,SEG08,43
U0268,SEG08,43
U0283,SEG08,81
U0284,SEG08,53
U0290,SEG08,56
U0302,SEG08,62
U0304,SEG08,71
U0309,SEG08,93
U0311,SEG08,44
U0316,SEG08,50
U0335,SEG08,67
U0346,SEG08,54
U0352,SEG08,60
U0358,SEG08,43
U0373,SEG08,63
U0375,SEG08,66
U0377,SEG08,63
U0378,SEG08,69
U0384,SEG08,89
U0394,SEG08,58
U0398,SEG08,43
U0403,SEG08,61
U0404,SEG08,62
U0406,SEG08,61
U0410,SEG08,59
U0414,SEG08,52
U0419,SEG08,50
U0421,SEG08,75
U0427,SEG08,73
U0432,SEG08,58
U0433,SEG08,72
U0442,SEG08,69
U0446,SEG08,97
U0447,SEG08,60
U0448,SEG08,76
U0449,SEG08,74
U0455,SEG08,74
U0458,SEG08,66
U0461,SEG08,41
U0464,SEG08,76
U0470,SEG08,41
U0473,SEG08,72
U0494,SEG08,42
U0495,SEG08,54
U0499,SEG08,63
U0511,SEG08,73
U0513,SEG08,61
U0518,SEG08,45
U0525,SEG08,64
U0530,SEG08,47
U0543,SEG08,66
U0544,SEG08,58
U0557,SEG08,76
U0572,SEG08,72
U0574,SEG08,49
U0581,SEG08,49
U0582,SEG08,74
U0583,SEG08,63
U0584,SEG08,44
U0590,SEG08,51
U0591,SEG08,55
U0592,SEG08,42
U0593,SEG08,98
U0595,SEG08,55
U0597,SEG08,45
U0600,SEG08,65
U0607,SEG08,43
U0611,SEG08,60
U0616,SEG08,72
U0620,SEG08,73
U0626,SEG08,71
U0632,SEG08,78
U0641,SEG08,68
U0647,SEG08,87
U0653,SEG08,45
U0655,SEG08,42
U0659,SEG08,52
U0665,SEG08,41
U0669,SEG08,54
U0680,SEG08,71
U0689,SEG08,63
U0690,SEG08,55
U0693,SEG08,79
U0701,SEG08,65
U0704,SEG08,49
U0706,SEG08,74
U0708,SEG08,86
U0709,SEG08,46
U0722,SEG08,69
U0725,SEG08,49
U0731,SEG08,41
U0733,SEG08,41
U0745,SEG08,71
U0752,SEG08,55
U0754,SEG08,73
U0756,SEG08,59
U0767,SEG08,45
U0771,SEG08,69
U0774,SEG08,50
U0775,SEG08,58
U0781,SEG08,54
U0789,SEG08,92
U0792,SEG08,88
U0795,SEG08,78
U0796,SEG08,47
U0801,SEG08,47
U0802,SEG08,82
U0805,SEG08,69
U0812,SEG08,54
U0814,SEG08,69
U0821,SEG08,52
U0831,SEG08,73
U0841,SEG08,62
U0846,SEG08,43
U0850,SEG08,57
U0856,SEG08,90
U0863,SEG08,52
U0866,SEG08,41
U0874,SEG08,58
U0880,SEG08,81
U0883,SEG08,41
U0904,SEG08,43
U0911,SEG08,55
U0913,SEG08,55
U0915,SEG08,41
U0917,SEG08,44
U0918,SEG08,56
U0921,SEG08,53
U0930,SEG08,72
U0937,SEG08,62
U0943,SEG08,53
U0955,SEG08,55
U0962,SEG08,57
U0979,SEG08,83
U0984,SEG08,73
U0985,SEG08,73
U0986,SEG08,71
U0987,SEG08,44
U0995,SEG08,48
U1007,SEG08,58
U1012,SEG08,48
U1023,SEG08,76
U1029,SEG08,51
U1030,SEG08,52
U1032,SEG08,69
U1035,SEG08,58
U1040,SEG08,50
U1051,SEG08,50
U1052,SEG08,94
U1066,SEG08,52
U1071,SEG08,60
U1074,SEG08,73
U1076,SEG08,54
U1080,SEG08,62
U1093,SEG08,43
U1098,SEG08,51
U1102,SEG08,82
U1110,SEG08,49
U1111,SEG08,57
U1119,SEG08,78
U1120,SEG08,45
U1121,SEG08,53
U1130,SEG08,55
U1139,SEG08,63
U1140,SEG08,76
U1147,SEG08,47
U1169,SEG08,84
U1170,SEG08,56
U1178,SEG08,57
U1192,SEG08,48
U1194,SEG08,78
U1199,SEG08,43
U1200,SEG08,47
U1208,SEG08,48
U1211,SEG08,66
U1220,SEG08,41
U1223,SEG08,54
U1225,SEG08,77
U1228,SEG08,70
U1231,SEG08,41
U1232,SEG08,48
U1246,SEG08,45
U1248,SEG08,42
U1250,SEG08,62
U1256,SEG08,57
U1267,SEG08,72
U1276,SEG08,55
U1283,SEG08,42
U1288,SEG08,71
U1293,SEG08,44
U1306,SEG08,69
U1307,SEG08,45
U1308,SEG08,47
U1309,SEG08,43
U1342,SEG08,60
U1346,SEG08,47
U1349,SEG08,44
U1351,SEG08,73
U1358,SEG08,51
U1360,SEG08,40
U1365,SEG08,54
U1381,SEG08,70
U1395,SEG08,71
U1396,SEG08,92
U1397,SEG08,57
U1399,SEG08,45
U1401,SEG08,57
U1406,SEG08,77
U1408,SEG08,60
U1409,SEG08,85
U1420,SEG08,45
U1429,SEG08,69
U1437,SEG08,51
U1440,SEG08,55
U1449,SEG08,48
U1458,SEG08,63
U1470,SEG08,56
U1474,SEG08,69
U1477,SEG08,58
U1483,SEG08,86
U1500,SEG08,61
U1505,SEG08,88
U1507,SEG08,66
U1508,SEG08,70
U1511,SEG08,70
U1515,SEG08,86
U1521,SEG08,76
U1536,SEG08,46
U1549,SEG08,81
U1559,SEG08,65
U1565,SEG08,55
U1566,SEG08,66
U1570,SEG08,69
U1571,SEG08,48
U1585,SEG08,77
U1587,SEG08,90
U1619,SEG08,73
U1620,SEG08,77
U1634,SEG08,50
U1636,SEG08,91
U1640,SEG08,48
U1657,SEG08,40
U1665,SEG08,76
U1668,SEG08,73
U1669,SEG08,40
U1670,SEG08,59
U1672,SEG08,54
U1673,SEG08,49
U1679,SEG08,49
U1690,SEG08,71
U1694,SEG08,40
U1699,SEG08,85
U1700,SEG08,90
U1704,SEG08,71
U1711,SEG08,59
U1713,SEG08,45
U1722,SEG08,48
U1733,SEG08,50
U1740,SEG08,41
U1743,SEG08,56
U1745,SEG08,46
U1750,SEG08,71
U1757,SEG08,56
U1761,SEG08,44
U1772,SEG08,86
U1775,SEG08,48
U1778,SEG08,60
U1780,SEG08,60
U1784,SEG08,45
U1796,SEG08,60
U1808,SEG08,49
U1815,SEG08,78
U1821,SEG08,63
U1829,SEG08,41
U1834,SEG08,44
U1841,SEG08,43
U1845,SEG08,41
U1848,SEG08,52
U1854,SEG08,53
U1858,SEG08,46
U1866,SEG08,92
U1868,SEG08,56
U1889,SEG08,43
U1892,SEG08,87
U1896,SEG08,58
U1900,SEG08,82
U1901,SEG08,79
U1910,SEG08,46
U1911,SEG08,45
U1914,SEG08,46
U1927,SEG08,40
U1930,SEG08,72
U1934,SEG08,53
U1936,SEG08,75
U1946,SEG08,42
U1951,SEG08,42
U1955,SEG08,63
U1959,SEG08,60
U1977,SEG08,44
U1981,SEG08,68
U0006,SEG09,55
U0010,SEG09,48
U0012,SEG09,69
U0016,SEG09,53
U0018,SEG09,45
U0021,SEG09,47
U0026,SEG09,74
U0029,SEG09,63
U0034,SEG09,63
U0036,SEG09,53
U0039,SEG09,70
U0040,SEG09,43
U0049,SEG09,54
U0052,SEG09,75
U0053,SEG09,54
U0054,SEG09,68
U0056,SEG09,74
U0057,SEG09,63
U0059,SEG09,67
U0060,SEG09,77
U0061,SEG09,78
U0063,SEG09,42
U0065,SEG09,49
U0067,SEG09,79
U0069,SEG09,82
U0070,SEG09,65
U0072,SEG09,54
U0074,SEG09,73
U0079,SEG09,65
U0088,SEG09,52
U0095,SEG09,49
U0097,SEG09,57
U0102,SEG09,40
U0111,SEG09,59
U0112,SEG09,62
U0115,SEG09,80
U0116,SEG09,41
U0120,SEG09,63
U0121,SEG09,89
U0122,SEG09,45
U0123,SEG09,45
U0125,SEG09,86
U0132,SEG09,59
U0134,SEG09,45
U0135,SEG09,57
U0136,SEG09,56
U0139,SEG09,50
U0142,SEG09,62
U0145,SEG09,54
U0148,SEG09,51
U0152,SEG09,57
U0156,SEG09,51
U0158,SEG09,48
U0165,SEG09,66
U0173,SEG09,72
U0181,SEG09,56
U0182,SEG09,44
U0185,SEG09,69
U0186,SEG09,69
U0187,SEG09,51
U0193,SEG09,46
U0195,SEG09,54
U0197,SEG09,63
U0202,SEG09,42
U0203,SEG09,41
U0206,SEG09,51
U0207,SEG09,94
U0208,SEG09,58
U0210,SEG09,58
U0218,SEG09,81
U0220,SEG09,54
U0221,SEG09,58
U0222,SEG09,54
U0224,SEG09,57
U0232,SEG09,73
U0235,SEG09,55
U0240,SEG09,67
U0248,SEG09,86
U0250,SEG09,53
U0251,SEG09,64
U0253,SEG09,53
U0261,SEG09,50
U0266,SEG09,51
U0268,SEG09,61
U0269,SEG09,58
U0270,SEG09,42
U0271,SEG09,61
U0273,SEG09,82
U0275,SEG09,49
U0276,SEG09,91
U0278,SEG09,59
U0283,SEG09,46
U0289,SEG09,44
U0291,SEG09,77
U0295,SEG09,66
U0296,SEG09,79
U0299,SEG09,68
U0304,SEG09,46
U0307,SEG09,84
U0322,SEG09,43
U0324,SEG09,51
U0336,SEG09,71
U0339,SEG09,50
U0340,SEG09,80
U0344,SEG09,60
U0347,SEG09,85
U0349,SEG09,71
U0353,SEG09,56
U0366,SEG09,68
U0370,SEG09,72
U0371,SEG09,49
U0372,SEG09,44
U0373,SEG09,44
U0374,SEG09,48
U0377,SEG09,45
U0380,SEG09,93
U0384,SEG09,41
U0385,SEG09,92
U0387,SEG09,43
U0389,SEG09,65
U0390,SEG09,89
U0400,SEG09,47
U0407,SEG09,42
U0408,SEG09,68
U0412,SEG09,90
U0418,SEG09,40
U0422,SEG09,64
U0424,SEG09,51
U0443,SEG09,49
U0446,SEG09,64
U0451,SEG09,54
U0452,SEG09,63
U0457,SEG09,69
U0461,SEG09,65
U0468,SEG09,81
U0469,SEG09,62
U0471,SEG09,44
U0473,SEG09,42
U0476,SEG09,66
U0480,SEG09,55
U0481,SEG09,46
U0487,SEG09,72
U0490,SEG09,63
U0498,SEG09,58
U0501,SEG09,44
U0502,SEG09,59
U0504,SEG09,62
U0512,SEG09,60
U0515,SEG09,66
U0524,SEG09,63
U0526,SEG09,42
U0527,SEG09,55
U0528,SEG09,73
U0529,SEG09,90
U0535,SEG09,66
U0538,SEG09,53
U0540,SEG09,92
U0542,SEG09,63
U0552,SEG09,57
U0553,SEG09,41
U0556,SEG09,44
U0559,SEG09,89
U0561,SEG09,64
U0562,SEG09,55
U0563,SEG09,59
U0564,SEG09,52
U0573,SEG09,89
U0576,SEG09,90
U0587,SEG09,57
U0590,SEG09,56
U0591,SEG09,54
U0597,SEG09,74
U0600,SEG09,65
U0601,SEG09,45
U0602,SEG09,78
U0603,SEG09,78
U0604,SEG09,88
U0605,SEG09,50
U0608,SEG09,85
U0610,SEG09,41
U0622,SEG09,53
U0627,SEG09,66
U0628,SEG09,40
U0636,SEG09,75
U0638,SEG09,50
U0647,SEG09,44
U0649,SEG09,57
U0653,SEG09,64
U0655,SEG09,82
U0656,SEG09,46
U0661,SEG09,68
U0668,SEG09,45
U0674,SEG09,62
U0680,SEG09,63
U0685,SEG09,44
U0686,SEG09,79
U0687,SEG09,66
U0690,SEG09,80
U0695,SEG09,61
U0704,SEG09,88
U0708,SEG09,87
U0711,SEG09,58
U0714,SEG09,57
U0717,SEG09,49
U0721,SEG09,91
U0729,SEG09,52
U0731,SEG09,73
U0732,SEG09,44
U0736,SEG09,73
U0748,SEG09,87
U0757,SEG09,88
U0758,SEG09,54
U0764,SEG09,45
U0767,SEG09,73
U0770,SEG09,52
U0771,SEG09,54
U0773,SEG09,64
U0781,SEG09,46
U0782,SEG09,59
U0784,SEG09,70
U0786,SEG09,51
U0789,SEG09,50
U0791,SEG09,61
U0800,SEG09,49
U0804,SEG09,76
U0809,SEG09,52
U0816,SEG09,51
U0818,SEG09,58
U0822,SEG09,57
U0826,SEG09,65
U0827,SEG09,56
U0829,SEG09,61
U0839,SEG09,55
U0842,SEG09,79
U0846,SEG09,81
U0847,SEG09,89
U0850,SEG09,85
U0855,SEG09,49
U0865,SEG09,81
U0876,SEG09,78
U0886,SEG09,66
U0887,SEG09,73
U0888,SEG09,75
U0889,SEG09,64
U0891,SEG09,58
U0895,SEG09,46
U0897,SEG09,47
U0901,SEG09,93
U0904,SEG09,57
U0910,SEG09,61
U0914,SEG09,41
U0923,SEG09,77
U0926,SEG09,60
U0929,SEG09,42
U0934,SEG09,75
U0935,SEG09,65
U0936,SEG09,71
U0937,SEG09,66
U0938,SEG09,90
U0940,SEG09,70
U0941,SEG09,43
U0949,SEG09,72
U0952,SEG09,61
U0953,SEG09,77
U0956,SEG09,45
U0962,SEG09,42
U0969,SEG09,71
U0974,SEG09,49
U0976,SEG09,42
U0979,SEG09,61
U0981,SEG09,52
U0982,SEG09,52
U0990,SEG09,58
U0994,SEG09,41
U0996,SEG09,95
U0998,SEG09,90
U1003,SEG09,53
U1005,SEG09,77
U1011,SEG09,63
U1028,SEG09,57
U1029,SEG09,86
U1032,SEG09,57
U1034,SEG09,54
U1036,SEG09,62
U1039,SEG09,41
U1041,SEG09,85
U1044,SEG09,52
U1046,SEG09,52
U1049,SEG09,73
U1050,SEG09,56
U1052,SEG09,46
U1054,SEG09,51
U1055,SEG09,51
U1057,SEG09,76
U1058,SEG09,46
U1060,SEG09,46
U1064,SEG09,42
U1066,SEG09,87
U1072,SEG09,85
U1079,SEG09,53
U1080,SEG09,44
U1089,SEG09,76
U1092,SEG09,43
U1096,SEG09,82
U1109,SEG09,66
U1110,SEG09,82
U1118,SEG09,53
U1121,SEG09,84
U1123,SEG09,54
U1126,SEG09,45
U1127,SEG09,57
U1134,SEG09,88
U1137,SEG09,65
U1139,SEG09,51
U1141,SEG09,84
U1147,SEG09,50
U1151,SEG09,63
U1152,SEG09,81
U1155,SEG09,66
U1156,SEG09,45
U1157,SEG09,89
U1161,SEG09,42
U1165,SEG09,78
U1169,SEG09,64
U1176,SEG09,46
U1177,SEG09,78
U1180,SEG09,50
U1184,SEG09,52
U1186,SEG09,43
U1187,SEG09,88
U1190,SEG09,52
U1192,SEG09,91
U1195,SEG09,81
U1198,SEG09,85
U1204,SEG09,56
U1207,SEG09,82
U1210,SEG09,60
U1211,SEG09,96
U1220,SEG09,68
U1222,SEG09,80
U1225,SEG09,89
U1228,SEG09,40
U1233,SEG09,72
U1234,SEG09,71
U1237,SEG09,77
U1239,SEG09,60
U1246,SEG09,41
U1248,SEG09,47
U1251,SEG09,73
U1252,SEG09,72
U1259,SEG09,72
U1262,SEG09,76
U1265,SEG09,49
U1268,SEG09,67
U1270,SEG09,42
U1271,SEG09,74
U1273,SEG09,69
U1275,SEG09,52
U1276,SEG09,48
U1277,SEG09,57
U1278,SEG09,60
U1286,SEG09,43
U1289,SEG09,58
U1293,SEG09,43
U1295,SEG09,52
U1302,SEG09,76
U1309,SEG09,44
U1317,SEG09,66
U1318,SEG09,85
U1321,SEG09,42
U1324,SEG09,68
U1325,SEG09,83
U1335,SEG09,42
U1340,SEG09,61
U1352,SEG09,84
U1353,SEG09,67
U1363,SEG09,92
U1364,SEG09,63
U1365,SEG09,49
U1367,SEG09,76
U1368,SEG09,47
U1372,SEG09,48
U1373,SEG09,91
U1376,SEG09,52
U1377,SEG09,40
U1380,SEG09,55
U1387,SEG09,71
U1391,SEG09,78
U1394,SEG09,77
U1400,SEG09,88
U1402,SEG09,69
U1404,SEG09,57
U1407,SEG09,64
U1414,SEG09,63
U1416,SEG09,90
U1423,SEG09,55
U1427,SEG09,70
U1428,SEG09,68
U1429,SEG09,68
U1432,SEG09,42
U1441,SEG09,42
U1442,SEG09,78
U1447,SEG09,64
U1448,SEG09,45
U1451,SEG09,90
U1455,SEG09,74
U1458,SEG09,78
U1469,SEG09,61
U1473,SEG09,41
U1475,SEG09,75
U1477,SEG09,51
U1480,SEG09,53
U1481,SEG09,51
U1483,SEG09,59
U1484,SEG09,44
U1485,SEG09,73
U1490,SEG09,55
U1491,SEG09,41
U1496,SEG09,47
U1499,SEG09,43
U1500,SEG09,65
U1506,SEG09,51
U1507,SEG09,67
U1509,SEG09,57
U1510,SEG09,61
U1512,SEG09,44
U1514,SEG09,73
U1523,SEG09,76
U1524,SEG09,63
U1525,SEG09,65
U1526,SEG09,57
U1527,SEG09,47
U1528,SEG09,69
U1530,SEG09,55
U1532,SEG09,54
U1533,SEG09,83
U1538,SEG09,55
U1547,SEG09,62
U1554,SEG09,64
U1556,SEG09,45
U1557,SEG09,85
U1562,SEG09,48
U1564,SEG09,81
U1566,SEG09,46
U1569,SEG09,78
U1571,SEG09,84
U1574,SEG09,68
U1575,SEG09,76
U1578,SEG09,72
U1580,SEG09,68
U1581,SEG09,86
U1586,SEG09,84
U1587,SEG09,71
U1590,SEG09,44
U1601,SEG09,75
U1602,SEG09,73
U1606,SEG09,71
U1608,SEG09,72
U1614,SEG09,65
U1619,SEG09,72
U1623,SEG09,40
U1624,SEG09,56
U1626,SEG09,62
U1629,SEG09,87
U1630,SEG09,68
U1632,SEG09,47
U1636,SEG09,52
U1637,SEG09,63
U1641,SEG09,44
U1644,SEG09,63
U1645,SEG09,94
U1650,SEG09,43
U1654,SEG09,49
U1655,SEG09,62
U1656,SEG09,69
U1660,SEG09,56
U1661,SEG09,45
U1668,SEG09,47
U1669,SEG09,84
U1670,SEG09,62
U1671,SEG09,44
U1672,SEG09,70
U1675,SEG09,62
U1676,SEG09,75
U1677,SEG09,58
U1681,SEG09,92
U1682,SEG09,72
U1689,SEG09,91
U1691,SEG09,44
U1692,SEG09,65
U1698,SEG09,44
U1700,SEG09,81
U1708,SEG09,73
U1726,SEG09,75
U1729,SEG09,64
U1731,SEG09,78
U1735,SEG09,50
U1738,SEG09,80
U1742,SEG09,49
U1744,SEG09,67
U1747,SEG09,86
U1748,SEG09,49
U1750,SEG09,69
U1751,SEG09,64
U1760,SEG09,48
U1761,SEG09,75
U1762,SEG09,68
U1777,SEG09,65
U1779,SEG09,41
U1784,SEG09,62
U1793,SEG09,56
U1795,SEG09,90
U1808,SEG09,66
U1812,SEG09,50
U1814,SEG09,77
U1818,SEG09,51
U1820,SEG09,53
U1822,SEG09,66
U1823,SEG09,66
U1825,SEG09,93
U1828,SEG09,45
U1835,SEG09,59
U1837,SEG09,53
U1838,SEG09,71
U1839,SEG09,63
U1840,SEG09,58
U1842,SEG09,61
U1850,SEG09,51
U1852,SEG09,69
U1853,SEG09,87
U1856,SEG09,62
U1860,SEG09,87
U1862,SEG09,94
U1866,SEG09,80
U1870,SEG09,66
U1871,SEG09,42
U1873,SEG09,72
U1874,SEG09,80
U1875,SEG09,48
U1883,SEG09,43
U1885,SEG09,53
U1888,SEG09,90
U1889,SEG09,62
U1891,SEG09,69
U1896,SEG09,66
U1906,SEG09,75
U1910,SEG09,55
U1911,SEG09,65
U1912,SEG09,41
U1915,SEG09,76
U1917,SEG09,66
U1927,SEG09,46
U1932,SEG09,63
U1933,SEG09,51
U1935,SEG09,66
U1937,SEG09,91
U1942,SEG09,69
U1944,SEG09,60
U1949,SEG09,42
U1958,SEG09,42
U1959,SEG09,40
U1962,SEG09,42
U1964,SEG09,47
U1965,SEG09,50
U1971,SEG09,71
U1973,SEG09,67
U1975,SEG09,78
U1978,SEG09,68
U1979,SEG09,63
U1996,SEG09,94
U1999,SEG09,46
U0003,SEG10,77
U0008,SEG10,64
U0016,SEG10,67
U0018,SEG10,76
U0019,SEG10,46
U0025,SEG10,46
U0026,SEG10,73
U0054,SEG10,55
U0061,SEG10,59
U0063,SEG10,75
U0072,SEG10,64
U0074,SEG10,68
U0101,SEG10,87
U0113,SEG10,74
U0114,SEG10,67
U0125,SEG10,56
U0126,SEG10,52
U0136,SEG10,63
U0155,SEG10,84
U0158,SEG10,42
U0160,SEG10,61
U0161,SEG10,53
U0163,SEG10,40
U0167,SEG10,73
U0171,SEG10,66
U0183,SEG10,54
U0184,SEG10,76
U0186,SEG10,59
U0187,SEG10,58
U0196,SEG10,72
U0206,SEG10,48
U0210,SEG10,58
U0218,SEG10,85
U0230,SEG10,65
U0231,SEG10,67
U0234,SEG10,71
U0241,SEG10,47
U0267,SEG10,57
U0268,SEG10,43
U0288,SEG10,60
U0290,SEG10,73
U0291,SEG10,73
U0301,SEG10,50
U0303,SEG10,43
U0305,SEG10,58
U0306,SEG10,89
U0312,SEG10,65
U0314,SEG10,42
U0336,SEG10,61
U0338,SEG10,46
U0342,SEG10,49
U0347,SEG10,58
U0354,SEG10,42
U0364,SEG10,41
U0368,SEG10,61
U0373,SEG10,74
U0375,SEG10,59
U0395,SEG10,74
U0400,SEG10,40
U0401,SEG10,40
U0404,SEG10,75
U0425,SEG10,41
U0430,SEG10,61
U0433,SEG10,46
U0438,SEG10,65
U0446,SEG10,42
U0449,SEG10,45
U0454,SEG10,47
U0458,SEG10,54
U0460,SEG10,47
U0462,SEG10,44
U0464,SEG10,65
U0466,SEG10,63
U0477,SEG10,45
U0482,SEG10,45
U0499,SEG10,83
U0505,SEG10,66
U0512,SEG10,60
U0522,SEG10,46
U0526,SEG10,58
U0528,SEG10,83
U0533,SEG10,51
U0540,SEG10,64
U0558,SEG10,44
U0562,SEG10,42
U0574,SEG10,49
U0577,SEG10,59
U0584,SEG10,45
U0585,SEG10,76
U0594,SEG10,84
U0596,SEG10,42
U0600,SEG10,61
U0611,SEG10,48
U0613,SEG10,90
U0618,SEG10,80
U0624,SEG10,59
U0625,SEG10,68
U0627,SEG10,89
U0637,SEG10,57
U0638,SEG10,55
U0640,SEG10,62
U0641,SEG10,63
U0645,SEG10,62
U0651,SEG10,53
U0652,SEG10,55
U0658,SEG10,44
U0677,SEG10,57
U0689,SEG10,47
U0690,SEG10,49
U0700,SEG10,71
U0702,SEG10,52
U0706,SEG10,61
U0709,SEG10,61
U0713,SEG10,47
U0721,SEG10,50
U0733,SEG10,65
U0734,SEG10,81
U0753,SEG10,64
U0754,SEG10,55
U0756,SEG10,74
U0760,SEG10,46
U0770,SEG10,83
U0778,SEG10,59
U0782,SEG10,54
U0786,SEG10,59
U0789,SEG10,69
U0802,SEG10,64
U0804,SEG10,72
U0812,SEG10,49
U0818,SEG10,58
U0825,SEG10,49
U0827,SEG10,77
U0828,SEG10,46
U0844,SEG10,89
U0845,SEG10,80
U0850,SEG10,62
U0853,SEG10,48
U0854,SEG10,55
U0861,SEG10,77
U0867,SEG10,48
U0870,SEG10,84
U0873,SEG10,48
U0882,SEG10,45
U0887,SEG10,84
U0901,SEG10,73
U0909,SEG10,49
U0910,SEG10,47
U0920,SEG10,47
U0926,SEG10,58
U0933,SEG10,85
U0935,SEG10,47
U0957,SEG10,66
U0960,SEG10,74
U0962,SEG10,48
U0977,SEG10,51
U0986,SEG10,41
U0992,SEG10,79
U0994,SEG10,88
U0997,SEG10,44
U1012,SEG10,53
U1015,SEG10,55
U1049,SEG10,54
U1064,SEG10,98
U1065,SEG10,74
U1069,SEG10,42
U1070,SEG10,81
U1079,SEG10,42
U1083,SEG10,68
U1084,SEG10,95
U1086,SEG10,48
U1087,SEG10,53
U1091,SEG10,40
U1093,SEG10,41
U1094,SEG10,56
U1106,SEG10,83
U1118,SEG10,46
U1123,SEG10,97
U1125,SEG10,69
U1134,SEG10,76
U1152,SEG10,44
U1156,SEG10,59
U1166,SEG10,51
U1167,SEG10,61
U1169,SEG10,64
U1177,SEG10,64
U1178,SEG10,61
U1181,SEG10,67
U1183,SEG10,45
U1189,SEG10,50
U1190,SEG10,67
U1196,SEG10,62
U1214,SEG10,43
U1230,SEG10,86
U1239,SEG10,72
U1246,SEG10,51
U1262,SEG10,43
U1274,SEG10,41
U1279,SEG10,81
U1287,SEG10,41
U1305,SEG10,52
U1306,SEG10,55
U1312,SEG10,70
U1315,SEG10,68
U1321,SEG10,40
U1327,SEG10,53
U1332,SEG10,58
U1341,SEG10,46
U1342,SEG10,56
U1344,SEG10,54
U1347,SEG10,61
U1351,SEG10,51
U1356,SEG10,69
U1371,SEG10,63
U1376,SEG10,59
U1378,SEG10,42
U1379,SEG10,55
U1386,SEG10,48
U1391,SEG10,44
U1392,SEG10,85
U1394,SEG10,58
U1396,SEG10,51
U1403,SEG10,87
U1404,SEG10,43
U1409,SEG10,71
U1410,SEG10,60
U1419,SEG10,67
U1438,SEG10,50
U1464,SEG10,69
U1467,SEG10,40
U1473,SEG10,47
U1475,SEG10,49
U1480,SEG10,64
U1482,SEG10,48
U1499,SEG10,52
U1501,SEG10,70
U1507,SEG10,66
U1516,SEG10,66
U1529,SEG10,40
U1531,SEG10,48
U1536,SEG10,59
U1540,SEG10,86
U1544,SEG10,84
U1546,SEG10,65
U1562,SEG10,45
U1565,SEG10,56
U1569,SEG10,58
U1578,SEG10,63
U1595,SEG10,67
U1598,SEG10,76
U1606,SEG10,50
U1620,SEG10,61
U1628,SEG10,66
U1629,SEG10,56
U1639,SEG10,50
U1649,SEG10,71
U1650,SEG10,63
U1659,SEG10,56
U1661,SEG10,54
U1663,SEG10,48
U1664,SEG10,46
U1666,SEG10,90
U1669,SEG10,67
U1670,SEG10,75
U1713,SEG10,45
U1733,SEG10,78
U1737,SEG10,48
U1744,SEG10,65
U1752,SEG10,46
U1758,SEG10,57
U1767,SEG10,52
U1771,SEG10,56
U1780,SEG10,50
U1792,SEG10,55
U1793,SEG10,58
U1797,SEG10,56
U1798,SEG10,43
U1807,SEG10,41
U1818,SEG10,66
U1832,SEG10,53
U1834,SEG10,44
U1836,SEG10,72
U1841,SEG10,56
U1842,SEG10,41
U1847,SEG10,67
U1857,SEG10,78
U1878,SEG10,87
U1882,SEG10,90
U1902,SEG10,71
U1910,SEG10,59
U1911,SEG10,57
U1912,SEG10,65
U1916,SEG10,69
U1924,SEG10,44
U1948,SEG10,60
U1956,SEG10,56
U1980,SEG10,73
U1988,SEG10,43
U1994,SEG10,54
U0002,SEG11,47
U0005,SEG11,60
U0008,SEG11,57
U0012,SEG11,73
U0016,SEG11,41
U0019,SEG11,45
U0024,SEG11,46
U0026,SEG11,51
U0028,SEG11,67
U0032,SEG11,50
U0037,SEG11,48
U0038,SEG11,46
U0042,SEG11,57
U0048,SEG11,53
U0057,SEG11,65
U0059,SEG11,54
U0061,SEG11,57
U0066,SEG11,41
U0067,SEG11,56
U0079,SEG11,50
U0081,SEG11,41
U0083,SEG11,51
U0084,SEG11,51
U0089,SEG11,51
U0092,SEG11,81
U0093,SEG11,56
U0094,SEG11,66
U0100,SEG11,49
U0105,SEG11,70
U0111,SEG11,41
U0135,SEG11,80
U0145,SEG11,70
U0149,SEG11,83
U0150,SEG11,71
U0165,SEG11,88
U0166,SEG11,62
U0171,SEG11,90
U0172,SEG11,70
U0174,SEG11,75
U0176,SEG11,58
U0177,SEG11,63
U0189,SEG11,52
U0190,SEG11,48
U0197,SEG11,63
U0199,SEG11,44
U0200,SEG11,59
U0206,SEG11,57
U0208,SEG11,84
U0210,SEG11,49
U0233,SEG11,82
U0235,SEG11,46
U0244,SEG11,73
U0246,SEG11,51
U0257,SEG11,48
U0267,SEG11,82
U0270,SEG11,42
U0278,SEG11,67
U0288,SEG11,42
U0290,SEG11,49
U0296,SEG11,59
U0331,SEG11,82
U0333,SEG11,41
U0344,SEG11,44
U0353,SEG11,41
U0354,SEG11,57
U0360,SEG11,62
U0378,SEG11,72
U0380,SEG11,78
U0382,SEG11,42
U0389,SEG11,63
U0390,SEG11,49
U0392,SEG11,45
U0394,SEG11,64
U0401,SEG11,64
U0412,SEG11,68
U0415,SEG11,54
U0432,SEG11,49
U0438,SEG11,56
U0441,SEG11,45
U0442,SEG11,57
U0447,SEG11,50
U0450,SEG11,48
U0456,SEG11,47
U0459,SEG11,51
U0460,SEG11,52
U0462,SEG11,47
U0467,SEG11,65
U0468,SEG11,63
U0479,SEG11,45
U0498,SEG11,60
U0503,SEG11,66
U0510,SEG11,43
U0526,SEG11,57
U0527,SEG11,45
U0533,SEG11,71
U0535,SEG11,46
U0540,SEG11,59
U0559,SEG11,69
U0563,SEG11,67
U0565,SEG11,70
U0573,SEG11,62
U0576,SEG11,57
U0579,SEG11,48
U0582,SEG11,71
U0584,SEG11,58
U0591,SEG11,42
U0592,SEG11,52
U0598,SEG11,66
U0604,SEG11,46
U0606,SEG11,69
U0607,SEG11,47
U0612,SEG11,57
U0613,SEG11,67
U0615,SEG11,41
U0624,SEG11,46
U0631,SEG11,76
U0633,SEG11,81
U0639,SEG11,57
U0655,SEG11,48
U0656,SEG11,47
U0670,SEG11,43
U0680,SEG11,68
U0691,SEG11,92
U0695,SEG11,68
U0696,SEG11,75
U0702,SEG11,78
U0710,SEG11,65
U0713,SEG11,61
U0714,SEG11,52
U0721,SEG11,80
U0723,SEG11,69
U0728,SEG11,69
U0729,SEG11,54
U0733,SEG11,61
U0747,SEG11,49
U0748,SEG11,47
U0754,SEG11,61
U0755,SEG11,45
U0760,SEG11,51
U0762,SEG11,53
U0764,SEG11,77
U0774,SEG11,58
U0783,SEG11,76
U0786,SEG11,47
U0793,SEG11,70
U0803,SEG11,67
U0804,SEG11,49
U0815,SEG11,71
U0817,SEG11,53
U0840,SEG11,61
U0841,SEG11,52
U0854,SEG11,82
U0856,SEG11,60
U0871,SEG11,42
U0874,SEG11,74
U0876,SEG11,45
U0882,SEG11,59
U0887,SEG11,46
U0890,SEG11,78
U0892,SEG11,51
U0894,SEG11,82
U0898,SEG11,50
U0908,SEG11,44
U0911,SEG11,57
U0919,SEG11,66
U0925,SEG11,74
U0928,SEG11,43
U0930,SEG11,74
U0933,SEG11,82
U0935,SEG11,68
U0936,SEG11,67
U0937,SEG11,75
U0940,SEG11,57
U0942,SEG11,48
U0947,SEG11,54
U0952,SEG11,75
U0961,SEG11,43
U0964,SEG11,51
U0973,SEG11,47
U0979,SEG11,72
U0981,SEG11,52
U0987,SEG11,69
U0990,SEG11,54
U0992,SEG11,57
U1020,SEG11,60
U1030,SEG11,48
U1037,SEG11,43
U1040,SEG11,79
U1042,SEG11,66
U1048,SEG11,60
U1052,SEG11,67
U1056,SEG11,44
U1069,SEG11,58
U1076,SEG11,67
U1086,SEG11,44
U1089,SEG11,83
U1090,SEG11,50
U1104,SEG11,56
U1106,SEG11,74
U1107,SEG11,72
U1115,SEG11,41
U1123,SEG11,48
U1126,SEG11,64
U1128,SEG11,57
U1132,SEG11,73
U1133,SEG11,64
U1135,SEG11,83
U1138,SEG11,44
U1144,SEG11,48
U1160,SEG11,44
U1163,SEG11,76
U1164,SEG11,72
U1177,SEG11,52
U1184,SEG11,80
U1188,SEG11,73
U1194,SEG11,54
U1205,SEG11,54
U1214,SEG11,61
U1217,SEG11,68
U1218,SEG11,55
U1223,SEG11,53
U1227,SEG11,50
U1230,SEG11,46
U1231,SEG11,47
U1247,SEG11,49
U1249,SEG11,46
U1260,SEG11,49
U1269,SEG11,66
U1288,SEG11,55
U1293,SEG11,42
U1302,SEG11,45
U1304,SEG11,77
U1306,SEG11,58
U1322,SEG11,95
U1328,SEG11,52
U1330,SEG11,42
U1342,SEG11,74
U1343,SEG11,58
U1346,SEG11,41
U1348,SEG11,40
U1349,SEG11,50
U1351,SEG11,81
U1356,SEG11,42
U1365,SEG11,53
U1385,SEG11,44
U1389,SEG11,62
U1391,SEG11,47
U1396,SEG11,49
U1397,SEG11,49
U1400,SEG11,74
U1401,SEG11,95
U1411,SEG11,48
U1424,SEG11,56
U1444,SEG11,61
U1463,SEG11,73
U1477,SEG11,72
U1485,SEG11,48
U1489,SEG11,62
U1490,SEG11,46
U1503,SEG11,75
U1512,SEG11,68
U1514,SEG11,64
U1520,SEG11,55
U1525,SEG11,49
U1541,SEG11,57
U1558,SEG11,51
U1569,SEG11,82
U1572,SEG11,44
U1580,SEG11,52
U1593,SEG11,44
U1625,SEG11,62
U1632,SEG11,41
U1633,SEG11,52
U1638,SEG11,62
U1645,SEG11,49
U1647,SEG11,53
U1654,SEG11,46
U1655,SEG11,67
U1675,SEG11,50
U1676,SEG11,46
U1681,SEG11,60
U1707,SEG11,81
U1714,SEG11,84
U1720,SEG11,55
U1735,SEG11,65
U1736,SEG11,58
U1742,SEG11,49
U1749,SEG11,47
U1754,SEG11,74
U1759,SEG11,50
U1764,SEG11,62
U1765,SEG11,42
U1777,SEG11,65
U1785,SEG11,74
U1787,SEG11,42
U1809,SEG11,49
U1810,SEG11,61
U1819,SEG11,84
U1831,SEG11,71
U1836,SEG11,53
U1860,SEG11,47
U1863,SEG11,64
U1872,SEG11,47
U1875,SEG11,74
U1881,SEG11,52
U1890,SEG11,98
U1891,SEG11,93
U1892,SEG11,41
U1895,SEG11,63
U1902,SEG11,88
U1907,SEG11,49
U1910,SEG11,50
U1911,SEG11,94
U1912,SEG11,66
U1919,SEG11,61
U1921,SEG11,50
U1923,SEG11,58
U1925,SEG11,45
U1927,SEG11,63
U1928,SEG11,76
U1933,SEG11,55
U1934,SEG11,44
U1938,SEG11,61
U1940,SEG11,67
U1953,SEG11,68
U1966,SEG11,58
U1972,SEG11,73
U1978,SEG11,47
U1985,SEG11,42
U1986,SEG11,60
U1991,SEG11,68
U1994,SEG11,68
U0015,SEG12,45
U0021,SEG12,44
U0048,SEG12,69
U0079,SEG12,41
U0194,SEG12,47
U0209,SEG12,41
U0280,SEG12,41
U0305,SEG12,61
U0313,SEG12,25
U0323,SEG12,49
U0350,SEG12,30
U0388,SEG12,46
U0397,SEG12,43
U0425,SEG12,50
U0471,SEG12,50
U0486,SEG12,64
U0495,SEG12,47
U0501,SEG12,65
U0505,SEG12,25
U0594,SEG12,25
U0603,SEG12,41
U0767,SEG12,28
U0783,SEG12,49
U0785,SEG12,41
U0856,SEG12,25
U0906,SEG12,64
U1001,SEG12,62
U1008,SEG12,45
U1037,SEG12,50
U1081,SEG12,25
U1086,SEG12,44
U1106,SEG12,53
U1120,SEG12,43
U1206,SEG12,57
U1207,SEG12,60
U1272,SEG12,25
U1291,SEG12,41
U1335,SEG12,35
U1354,SEG12,42
U1403,SEG12,62
U1464,SEG12,47
U1466,SEG12,60
U1496,SEG12,45
U1497,SEG12,43
U1536,SEG12,25
U1553,SEG12,79
U1581,SEG12,57
U1607,SEG12,36
U1611,SEG12,25
U1612,SEG12,50
U1694,SEG12,44
U1739,SEG12,41
U1802,SEG12,48
U1888,SEG12,25
U1905,SEG12,25
U1916,SEG12,49
U1999,SEG12,87
