date,year,month_num,month_name,week_of_year,day_of_week_num,day_name,is_weekend,academic_period
2026-06-01,2026,6,June,23,1,Monday,FALSE,Summer Break
2026-06-02,2026,6,June,23,2,Tuesday,FALSE,Summer Break
2026-06-03,2026,6,June,23,3,Wednesday,FALSE,Summer Break
2026-06-04,2026,6,June,23,4,Thursday,FALSE,Summer Break
2026-06-05,2026,6,June,23,5,Friday,FALSE,Summer Break
2026-06-06,2026,6,June,23,6,Saturday,TRUE,Summer Break
2026-06-07,2026,6,June,23,7,Sunday,TRUE,Summer Break
2026-06-08,2026,6,June,24,1,Monday,FALSE,Summer Break
2026-06-09,2026,6,June,24,2,Tuesday,FALSE,Summer Break
2026-06-10,2026,6,June,24,3,Wednesday,FALSE,Summer Break
2026-06-11,2026,6,June,24,4,Thursday,FALSE,Summer Break
2026-06-12,2026,6,June,24,5,Friday,FALSE,Summer Break
2026-06-13,2026,6,June,24,6,Saturday,TRUE,Summer Break
2026-06-14,2026,6,June,24,7,Sunday,TRUE,Summer Break
2026-06-15,2026,6,June,25,1,Monday,FALSE,Summer Break
2026-06-16,2026,6,June,25,2,Tuesday,FALSE,Summer Break
2026-06-17,2026,6,June,25,3,Wednesday,FALSE,Summer Break
2026-06-18,2026,6,June,25,4,Thursday,FALSE,Summer Break
2026-06-19,2026,6,June,25,5,Friday,FALSE,Summer Break
2026-06-20,2026,6,June,25,6,Saturday,TRUE,Summer Break
2026-06-21,2026,6,June,25,7,Sunday,TRUE,Summer Break
2026-06-22,2026,6,June,26,1,Monday,FALSE,Summer Break
2026-06-23,2026,6,June,26,2,Tuesday,FALSE,Summer Break
2026-06-24,2026,6,June,26,3,Wednesday,FALSE,Summer Break
2026-06-25,2026,6,June,26,4,Thursday,FALSE,Summer Break
2026-06-26,2026,6,June,26,5,Friday,FALSE,Summer Break
2026-06-27,2026,6,June,26,6,Saturday,TRUE,Summer Break
2026-06-28,2026,6,June,26,7,Sunday,TRUE,Summer Break
2026-06-29,2026,6,June,27,1,Monday,FALSE,Summer Break
2026-06-30,2026,6,June,27,2,Tuesday,FALSE,Summer Break
2026-07-01,2026,7,July,27,3,Wednesday,FALSE,Summer Break
2026-07-02,2026,7,July,27,4,Thursday,FALSE,Summer Break
2026-07-03,2026,7,July,27,5,Friday,FALSE,Summer Break
2026-07-04,2026,7,July,27,6,Saturday,TRUE,Summer Break
2026-07-05,2026,7,July,27,7,Sunday,TRUE,Summer Break
2026-07-06,2026,7,July,28,1,Monday,FALSE,Summer Break
2026-07-07,2026,7,July,28,2,Tuesday,FALSE,Summer Break
2026-07-08,2026,7,July,28,3,Wednesday,FALSE,Summer Break
2026-07-09,2026,7,July,28,4,Thursday,FALSE,Summer Break
2026-07-10,2026,7,July,28,5,Friday,FALSE,Summer Break
2026-07-11,2026,7,July,28,6,Saturday,TRUE,Summer Break
2026-07-12,2026,7,July,28,7,Sunday,TRUE,Summer Break
2026-07-13,2026,7,July,29,1,Monday,FALSE,Summer Break
2026-07-14,2026,7,July,29,2,Tuesday,FALSE,Summer Break
2026-07-15,2026,7,July,29,3,Wednesday,FALSE,Summer Break
2026-07-16,2026,7,July,29,4,Thursday,FALSE,Summer Break
2026-07-17,2026,7,July,29,5,Friday,FALSE,Summer Break
2026-07-18,2026,7,July,29,6,Saturday,TRUE,Summer Break
2026-07-19,2026,7,July,29,7,Sunday,TRUE,Summer Break
2026-07-20,2026,7,July,30,1,Monday,FALSE,Summer Break
2026-07-21,2026,7,July,30,2,Tuesday,FALSE,Summer Break
2026-07-22,2026,7,July,30,3,Wednesday,FALSE,Summer Break
2026-07-23,2026,7,July,30,4,Thursday,FALSE,Summer Break
2026-07-24,2026,7,July,30,5,Friday,FALSE,Summer Break
2026-07-25,2026,7,July,30,6,Saturday,TRUE,Summer Break
2026-07-26,2026,7,July,30,7,Sunday,TRUE,Summer Break
2026-07-27,2026,7,July,31,1,Monday,FALSE,Summer Break
2026-07-28,2026,7,July,31,2,Tuesday,FALSE,Summer Break
2026-07-29,2026,7,July,31,3,Wednesday,FALSE,Summer Break
2026-07-30,2026,7,July,31,4,Thursday,FALSE,Summer Break
2026-07-31,2026,7,July,31,5,Friday,FALSE,Summer Break
2026-08-01,2026,8,August,31,6,Saturday,TRUE,Summer Break
2026-08-02,2026,8,August,31,7,Sunday,TRUE,Summer Break
2026-08-03,2026,8,August,32,1,Monday,FALSE,Summer Break
2026-08-04,2026,8,August,32,2,Tuesday,FALSE,Summer Break
2026-08-05,2026,8,August,32,3,Wednesday,FALSE,Summer Break
2026-08-06,2026,8,August,32,4,Thursday,FALSE,Summer Break
2026-08-07,2026,8,August,32,5,Friday,FALSE,Summer Break
2026-08-08,2026,8,August,32,6,Saturday,TRUE,Summer Break
2026-08-09,2026,8,August,32,7,Sunday,TRUE,Summer Break
2026-08-10,2026,8,August,33,1,Monday,FALSE,Summer Break
2026-08-11,2026,8,August,33,2,Tuesday,FALSE,Summer Break
2026-08-12,2026,8,August,33,3,Wednesday,FALSE,Summer Break
2026-08-13,2026,8,August,33,4,Thursday,FALSE,Summer Break
2026-08-14,2026,8,August,33,5,Friday,FALSE,Summer Break
2026-08-15,2026,8,August,33,6,Saturday,TRUE,Summer Break
2026-08-16,2026,8,August,33,7,Sunday,TRUE,Summer Break
2026-08-17,2026,8,August,34,1,Monday,FALSE,Summer Break
2026-08-18,2026,8,August,34,2,Tuesday,FALSE,Summer Break
2026-08-19,2026,8,August,34,3,Wednesday,FALSE,Summer Break
2026-08-20,2026,8,August,34,4,Thursday,FALSE,Summer Break
2026-08-21,2026,8,August,34,5,Friday,FALSE,Summer Break
2026-08-22,2026,8,August,34,6,Saturday,TRUE,Summer Break
2026-08-23,2026,8,August,34,7,Sunday,TRUE,Summer Break
2026-08-24,2026,8,August,35,1,Monday,FALSE,Fall Semester
2026-08-25,2026,8,August,35,2,Tuesday,FALSE,Fall Semester
2026-08-26,2026,8,August,35,3,Wednesday,FALSE,Fall Semester
2026-08-27,2026,8,August,35,4,Thursday,FALSE,Fall Semester
2026-08-28,2026,8,August,35,5,Friday,FALSE,Fall Semester
2026-08-29,2026,8,August,35,6,Saturday,TRUE,Fall Semester
2026-08-30,2026,8,August,35,7,Sunday,TRUE,Fall Semester
2026-08-31,2026,8,August,36,1,Monday,FALSE,Fall Semester
