activity_date,campaign_id,platform,impressions,clicks,video_completions,conversions,spend_usd,revenue_usd
2026-06-08,CMP01,TikTok,57883,856,24916,20,468.67,256.38
2026-06-09,CMP01,TikTok,68931,1019,29672,24,558.12,266.70
2026-06-10,CMP01,TikTok,89996,1330,38739,31,728.68,388.81
2026-06-11,CMP01,TikTok,118002,1744,50795,41,955.43,479.30
2026-06-12,CMP01,TikTok,187283,2768,80617,64,1516.39,872.87
2026-06-13,CMP01,TikTok,159153,2353,68509,55,1288.62,671.56
2026-06-14,CMP01,TikTok,195693,2893,84238,67,1584.48,748.97
2026-06-15,CMP01,TikTok,217707,3218,93714,75,1762.72,1007.55
2026-06-16,CMP01,TikTok,169898,2511,73134,58,1375.62,736.69
2026-06-17,CMP01,TikTok,188928,2793,81326,65,1529.71,742.83
2026-06-18,CMP01,TikTok,208087,3076,89572,72,1684.83,779.60
2026-06-19,CMP01,TikTok,194553,2876,83747,67,1575.25,762.39
2026-06-20,CMP01,TikTok,163905,2423,70554,56,1327.10,656.14
2026-06-21,CMP01,TikTok,179638,2655,77326,62,1454.49,815.22
2026-06-22,CMP01,TikTok,217918,3221,93804,75,1764.43,1023.25
2026-06-23,CMP01,TikTok,169206,2501,72836,58,1370.02,665.96
2026-06-24,CMP01,TikTok,216954,3207,93390,75,1756.63,946.80
2026-06-25,CMP01,TikTok,163302,2414,70294,56,1322.22,667.66
2026-06-26,CMP01,TikTok,279416,4130,120276,96,2262.37,1153.98
2026-06-27,CMP01,TikTok,188934,2793,81328,65,1529.75,763.54
2026-06-28,CMP01,TikTok,152806,2259,65777,52,1237.23,651.91
2026-06-29,CMP01,TikTok,255957,3784,110178,88,2072.42,993.92
2026-06-30,CMP01,TikTok,251288,3714,108169,86,2034.62,1067.32
2026-07-01,CMP01,TikTok,157595,2330,67838,54,1276.01,639.09
2026-07-02,CMP01,TikTok,163451,2416,70359,56,1323.42,735.79
2026-07-03,CMP01,TikTok,194584,2876,83760,67,1575.50,872.35
2026-07-04,CMP01,TikTok,267389,3952,115099,92,2164.99,1043.92
2026-07-05,CMP01,TikTok,212293,3138,91383,73,1718.89,838.62
2026-06-08,CMP01,Instagram,80006,1203,33554,22,879.08,253.96
2026-06-09,CMP01,Instagram,97250,1462,40786,27,1068.56,306.95
2026-06-10,CMP01,Instagram,127963,1924,53667,36,1406.02,496.78
2026-06-11,CMP01,Instagram,174330,2621,73113,49,1915.49,534.33
2026-06-12,CMP01,Instagram,189227,2844,79361,53,2079.17,604.53
2026-06-13,CMP01,Instagram,179400,2697,75240,50,1971.20,572.53
2026-06-14,CMP01,Instagram,254758,3830,106845,71,2799.21,769.44
2026-06-15,CMP01,Instagram,222792,3349,93438,63,2447.98,758.54
2026-06-16,CMP01,Instagram,276529,4157,115975,78,3038.42,1066.67
2026-06-17,CMP01,Instagram,203312,3056,85269,57,2233.94,679.44
2026-06-18,CMP01,Instagram,246887,3711,103543,69,2712.73,824.88
2026-06-19,CMP01,Instagram,203866,3065,85501,57,2240.02,628.35
2026-06-20,CMP01,Instagram,205317,3086,86109,58,2255.97,640.00
2026-06-21,CMP01,Instagram,222499,3345,93315,62,2444.76,812.01
2026-06-22,CMP01,Instagram,289616,4354,121464,81,3182.22,1002.18
2026-06-23,CMP01,Instagram,209337,3147,87795,59,2300.14,757.19
2026-06-24,CMP01,Instagram,232994,3502,97717,65,2560.07,773.84
2026-06-25,CMP01,Instagram,315962,4750,132514,89,3471.70,1214.83
2026-06-26,CMP01,Instagram,259512,3901,108838,73,2851.45,917.24
2026-06-27,CMP01,Instagram,238455,3585,100007,67,2620.08,874.42
2026-06-28,CMP01,Instagram,313461,4712,131465,88,3444.22,951.83
2026-06-29,CMP01,Instagram,213085,3203,89367,60,2341.32,733.98
2026-06-30,CMP01,Instagram,228800,3439,95958,64,2513.99,728.68
2026-07-01,CMP01,Instagram,280019,4209,117439,79,3076.77,877.93
2026-07-02,CMP01,Instagram,240775,3619,100980,68,2645.57,837.77
2026-07-03,CMP01,Instagram,296796,4462,124475,83,3261.11,1101.39
2026-07-04,CMP01,Instagram,239545,3601,100465,67,2632.05,826.87
2026-07-05,CMP01,Instagram,197307,2966,82750,55,2167.95,671.52
2026-06-01,CMP02,Instagram,48305,560,19738,41,592.62,3291.39
2026-06-02,CMP02,Instagram,53739,623,21959,45,659.29,4543.78
2026-06-03,CMP02,Instagram,72398,839,29584,61,888.21,5471.29
2026-06-04,CMP02,Instagram,81440,943,33278,69,999.14,5934.86
2026-06-05,CMP02,Instagram,77457,897,31650,65,950.27,5542.69
2026-06-06,CMP02,Instagram,107230,1242,43816,90,1315.54,7524.39
2026-06-07,CMP02,Instagram,117344,1359,47949,99,1439.62,7988.10
2026-06-08,CMP02,Instagram,189798,2199,77555,160,2328.51,13821.31
2026-06-09,CMP02,Instagram,123836,1435,50602,104,1519.27,8802.01
2026-06-10,CMP02,Instagram,129948,1505,53100,109,1594.25,8862.53
2026-06-11,CMP02,Instagram,111927,1297,45736,94,1373.16,8328.37
2026-06-12,CMP02,Instagram,206367,2391,84326,174,2531.79,14803.32
2026-06-13,CMP02,Instagram,136253,1578,55676,115,1671.60,9901.10
2026-06-14,CMP02,Instagram,99541,1153,40675,84,1221.21,7219.77
2026-06-15,CMP02,Instagram,126625,1467,51742,107,1553.48,10589.95
2026-06-16,CMP02,Instagram,157565,1825,64384,133,1933.07,11593.24
2026-06-17,CMP02,Instagram,107933,1250,44104,91,1324.16,8478.32
2026-06-18,CMP02,Instagram,127618,1478,52148,108,1565.67,9970.36
2026-06-19,CMP02,Instagram,144903,1679,59210,122,1777.73,9834.74
2026-06-20,CMP02,Instagram,154850,1794,63275,130,1899.76,10957.34
2026-06-21,CMP02,Instagram,198882,2304,81267,168,2439.96,16244.80
2026-06-22,CMP02,Instagram,134166,1554,54823,113,1646.00,9384.18
2026-06-23,CMP02,Instagram,134571,1559,54989,113,1650.97,10749.87
2026-06-24,CMP02,Instagram,147426,1708,60241,124,1808.68,11297.81
2026-06-25,CMP02,Instagram,131592,1524,53771,111,1614.42,10390.81
2026-06-26,CMP02,Instagram,123466,1430,50451,104,1514.73,8879.11
2026-06-27,CMP02,Instagram,172442,1998,70464,145,2115.58,12550.42
2026-06-28,CMP02,Instagram,106578,1235,43550,90,1307.54,8925.13
2026-06-29,CMP02,Instagram,149369,1730,61035,126,1832.52,12340.45
2026-06-30,CMP02,Instagram,116140,1345,47457,98,1424.85,8694.08
2026-07-01,CMP02,Instagram,112629,1305,46023,95,1381.78,8537.52
2026-07-02,CMP02,Instagram,129740,1503,53015,109,1591.70,10819.08
2026-07-03,CMP02,Instagram,110226,1277,45041,93,1352.29,8153.52
2026-07-04,CMP02,Instagram,132805,1539,54267,112,1629.30,11022.72
2026-07-05,CMP02,Instagram,89608,1038,36616,76,1099.35,6863.38
2026-07-06,CMP02,Instagram,148642,1722,60738,125,1823.60,10366.79
2026-07-07,CMP02,Instagram,103224,1196,42180,87,1266.39,7844.37
2026-07-08,CMP02,Instagram,127984,1483,52297,108,1570.16,10827.61
2026-07-09,CMP02,Instagram,123625,1432,50516,104,1516.68,10228.66
2026-07-10,CMP02,Instagram,94940,1100,38795,80,1164.76,7617.77
2026-07-11,CMP02,Instagram,150510,1744,61502,127,1846.51,10577.48
2026-07-12,CMP02,Instagram,145982,1691,59652,123,1790.96,10115.29
2026-07-13,CMP02,Instagram,156024,1807,63755,131,1914.16,11311.42
2026-07-14,CMP02,Instagram,168542,1953,68870,142,2067.74,11984.16
2026-07-15,CMP02,Instagram,113010,1309,46178,95,1386.45,9531.77
2026-06-01,CMP02,TikTok,59092,718,24807,72,479.19,6967.68
2026-06-02,CMP02,TikTok,82605,1003,34679,101,669.86,10249.11
2026-06-03,CMP02,TikTok,87601,1064,36776,107,710.37,9390.88
2026-06-04,CMP02,TikTok,111403,1353,46768,136,903.39,13240.51
2026-06-05,CMP02,TikTok,113208,1375,47526,138,918.03,11341.43
2026-06-06,CMP02,TikTok,104102,1264,43703,127,844.18,10927.24
2026-06-07,CMP02,TikTok,178217,2164,74817,218,1445.20,20220.82
2026-06-08,CMP02,TikTok,143443,1742,60219,175,1163.21,16522.42
2026-06-09,CMP02,TikTok,151952,1845,63791,185,1232.21,15582.42
2026-06-10,CMP02,TikTok,165194,2006,69350,202,1339.59,17407.80
2026-06-11,CMP02,TikTok,124272,1509,52171,152,1007.75,13497.89
2026-06-12,CMP02,TikTok,144316,1753,60585,176,1170.29,17480.23
2026-06-13,CMP02,TikTok,185758,2256,77983,227,1506.35,18468.68
2026-06-14,CMP02,TikTok,117975,1433,49527,144,956.68,14249.46
2026-06-15,CMP02,TikTok,167511,2034,70323,204,1358.38,17511.98
2026-06-16,CMP02,TikTok,169290,2056,71070,207,1372.80,18725.32
2026-06-17,CMP02,TikTok,120336,1461,50518,147,975.83,14247.19
2026-06-18,CMP02,TikTok,165058,2005,69293,201,1338.49,20419.30
2026-06-19,CMP02,TikTok,140006,1700,58776,171,1135.34,16903.35
2026-06-20,CMP02,TikTok,138964,1688,58338,170,1126.89,16633.62
2026-06-21,CMP02,TikTok,208842,2536,87674,255,1693.54,23566.31
2026-06-22,CMP02,TikTok,170547,2071,71597,208,1383.00,21201.25
2026-06-23,CMP02,TikTok,174383,2118,73208,213,1414.11,18832.50
2026-06-24,CMP02,TikTok,132153,1605,55479,161,1071.65,16125.63
2026-06-25,CMP02,TikTok,158275,1922,66445,193,1283.48,16319.76
2026-06-26,CMP02,TikTok,182641,2218,76675,223,1481.07,18893.26
2026-06-27,CMP02,TikTok,192117,2333,80653,234,1557.91,21228.21
2026-06-28,CMP02,TikTok,150006,1822,62974,183,1216.43,18642.39
2026-06-29,CMP02,TikTok,103941,1262,43635,127,842.88,12051.18
2026-06-30,CMP02,TikTok,130048,1579,54595,159,1054.58,14142.61
2026-07-01,CMP02,TikTok,155369,1887,65225,190,1259.92,16297.35
2026-07-02,CMP02,TikTok,163184,1982,68506,199,1323.29,19119.38
2026-07-03,CMP02,TikTok,146139,1775,61350,178,1185.07,17082.41
2026-07-04,CMP02,TikTok,150016,1822,62978,183,1216.51,18184.85
2026-07-05,CMP02,TikTok,130664,1587,54854,159,1059.58,12836.20
2026-07-06,CMP02,TikTok,171726,2086,72092,210,1392.56,16952.25
2026-07-07,CMP02,TikTok,215312,2615,90390,263,1746.01,21113.51
2026-07-08,CMP02,TikTok,166668,2024,69969,203,1351.54,19461.21
2026-07-09,CMP02,TikTok,104907,1274,44041,128,850.71,12751.07
2026-07-10,CMP02,TikTok,136390,1656,57258,166,1106.01,16244.03
2026-07-11,CMP02,TikTok,138157,1678,57999,169,1120.34,16192.52
2026-07-12,CMP02,TikTok,163487,1985,68634,200,1325.75,16326.66
2026-07-13,CMP02,TikTok,132876,1614,55783,162,1077.52,14595.22
2026-07-14,CMP02,TikTok,150164,1824,63040,183,1217.71,14885.83
2026-07-15,CMP02,TikTok,156085,1896,65526,191,1265.72,17263.20
2026-06-15,CMP03,Snapchat,31588,479,13564,40,257.47,940.41
2026-06-16,CMP03,Snapchat,66049,1002,28363,84,538.35,2015.26
2026-06-17,CMP03,Snapchat,47912,727,20574,61,390.52,1436.62
2026-06-18,CMP03,Snapchat,86870,1317,37304,111,708.05,2901.36
2026-06-19,CMP03,Snapchat,70081,1063,30094,90,571.21,2365.10
2026-06-20,CMP03,Snapchat,140819,2136,60471,180,1147.78,4608.54
2026-06-21,CMP03,Snapchat,138733,2104,59575,177,1130.78,4638.60
2026-06-22,CMP03,Snapchat,122861,1863,52759,157,1001.41,4138.49
2026-06-23,CMP03,Snapchat,104961,1592,45072,134,855.51,3569.46
2026-06-24,CMP03,Snapchat,82722,1255,35523,106,674.24,2741.64
2026-06-25,CMP03,Snapchat,116844,1772,50176,149,952.36,3579.36
2026-06-26,CMP03,Snapchat,116578,1768,50061,149,950.20,3474.21
2026-06-27,CMP03,Snapchat,84866,1287,36443,109,691.72,2574.56
2026-06-28,CMP03,Snapchat,154376,2341,66292,197,1258.28,5369.77
2026-06-29,CMP03,Snapchat,109589,1662,47060,140,893.23,3407.57
2026-06-30,CMP03,Snapchat,113774,1725,48857,145,927.34,3776.80
2026-07-01,CMP03,Snapchat,122480,1857,52596,157,998.30,4032.42
2026-07-02,CMP03,Snapchat,105795,1604,45431,135,862.31,3606.01
2026-07-03,CMP03,Snapchat,117372,1780,50402,150,956.67,3872.13
2026-07-04,CMP03,Snapchat,147780,2241,63460,189,1204.51,4322.30
2026-07-05,CMP03,Snapchat,150291,2279,64538,192,1224.98,4630.52
2026-07-06,CMP03,Snapchat,104770,1589,44990,134,853.95,3290.39
2026-07-07,CMP03,Snapchat,85184,1292,36580,109,694.31,2438.68
2026-07-08,CMP03,Snapchat,103407,1568,44405,132,842.84,3609.38
2026-07-09,CMP03,Snapchat,112345,1704,48243,144,915.69,3222.52
2026-07-10,CMP03,Snapchat,116705,1770,50116,149,951.23,4077.50
2026-07-11,CMP03,Snapchat,96121,1458,41276,123,783.46,2943.92
2026-07-12,CMP03,Snapchat,138944,2107,59666,178,1132.50,4382.43
2026-07-13,CMP03,Snapchat,97815,1483,42004,125,797.26,3396.76
2026-07-14,CMP03,Snapchat,92672,1405,39796,119,755.34,3056.61
2026-07-15,CMP03,Snapchat,118399,1796,50843,151,965.04,4070.99
2026-07-16,CMP03,Snapchat,104807,1589,45006,134,854.25,3468.99
2026-07-17,CMP03,Snapchat,123045,1866,52838,157,1002.91,4277.62
2026-07-18,CMP03,Snapchat,147154,2232,63191,188,1199.41,4652.96
2026-07-19,CMP03,Snapchat,99817,1514,42864,128,813.58,3193.04
2026-07-20,CMP03,Snapchat,107354,1628,46100,137,875.01,3728.95
2026-07-21,CMP03,Snapchat,127760,1938,54863,163,1041.34,4238.06
2026-07-22,CMP03,Snapchat,142722,2164,61288,183,1163.29,5038.52
2026-07-23,CMP03,Snapchat,130201,1975,55911,167,1061.23,4181.80
2026-07-24,CMP03,Snapchat,126629,1920,54377,162,1032.12,3561.62
2026-07-25,CMP03,Snapchat,89794,1362,38560,115,731.89,3087.61
2026-07-26,CMP03,Snapchat,81358,1234,34937,104,663.13,2642.02
2026-07-27,CMP03,Snapchat,102825,1559,44155,132,838.10,2891.95
2026-07-28,CMP03,Snapchat,126430,1917,54292,162,1030.50,4374.90
2026-07-29,CMP03,Snapchat,118882,1803,51051,152,968.98,4084.70
2026-07-30,CMP03,Snapchat,87581,1328,37609,112,713.85,2445.05
2026-07-31,CMP03,Snapchat,92979,1410,39927,119,757.85,3084.00
2026-08-01,CMP03,Snapchat,120025,1820,51541,153,978.29,3935.86
2026-08-02,CMP03,Snapchat,114321,1734,49092,146,931.80,3761.51
2026-08-03,CMP03,Snapchat,114749,1740,49276,147,935.29,3921.51
2026-08-04,CMP03,Snapchat,138367,2098,59418,177,1127.79,4507.67
2026-08-05,CMP03,Snapchat,143783,2180,61743,184,1171.94,4375.67
2026-08-06,CMP03,Snapchat,92981,1410,39928,119,757.86,3189.93
2026-08-07,CMP03,Snapchat,84465,1281,36271,108,688.45,2832.49
2026-08-08,CMP03,Snapchat,85917,1303,36895,110,700.29,2377.79
2026-08-09,CMP03,Snapchat,92478,1402,39712,118,753.76,2632.35
2026-08-10,CMP03,Snapchat,112948,1713,48502,144,920.61,3287.61
2026-08-11,CMP03,Snapchat,88518,1342,38012,113,721.49,2443.93
2026-08-12,CMP03,Snapchat,125103,1897,53722,160,1019.68,3986.27
2026-08-13,CMP03,Snapchat,176276,2673,75697,225,1436.78,5567.05
2026-08-14,CMP03,Snapchat,124514,1888,53469,159,1014.88,3590.65
2026-08-15,CMP03,Snapchat,82714,1254,35519,106,674.18,2356.19
2026-06-15,CMP03,TikTok,59740,932,24861,85,437.29,1942.52
2026-06-16,CMP03,TikTok,63072,984,26248,90,461.68,2161.01
2026-06-17,CMP03,TikTok,66760,1042,27783,95,488.68,2572.53
2026-06-18,CMP03,TikTok,58414,911,24310,83,427.58,1919.85
2026-06-19,CMP03,TikTok,83703,1306,34834,119,612.70,2782.54
2026-06-20,CMP03,TikTok,109792,1713,45692,156,803.66,3909.59
2026-06-21,CMP03,TikTok,144249,2250,60031,206,1055.89,5387.17
2026-06-22,CMP03,TikTok,118524,1849,49325,169,867.58,4286.89
2026-06-23,CMP03,TikTok,144894,2261,60300,206,1060.61,5510.86
2026-06-24,CMP03,TikTok,177054,2762,73683,252,1296.02,6448.38
2026-06-25,CMP03,TikTok,181085,2825,75361,258,1325.52,6350.39
2026-06-26,CMP03,TikTok,99959,1559,41600,142,731.69,3709.77
2026-06-27,CMP03,TikTok,155196,2421,64587,221,1136.02,4956.61
2026-06-28,CMP03,TikTok,263266,4107,109562,375,1927.08,9456.00
2026-06-29,CMP03,TikTok,198157,3091,82466,282,1450.49,6582.85
2026-06-30,CMP03,TikTok,172001,2683,71581,245,1259.03,5305.75
2026-07-01,CMP03,TikTok,115728,1806,48162,165,847.12,3730.06
2026-07-02,CMP03,TikTok,144077,2248,59960,205,1054.63,4590.65
2026-07-03,CMP03,TikTok,174001,2715,72413,248,1273.67,6444.21
2026-07-04,CMP03,TikTok,219470,3424,91336,313,1606.50,7607.31
2026-07-05,CMP03,TikTok,163455,2550,68024,233,1196.47,5193.67
2026-07-06,CMP03,TikTok,124007,1935,51607,177,907.72,4873.21
2026-07-07,CMP03,TikTok,144889,2260,60298,206,1060.57,5662.99
2026-07-08,CMP03,TikTok,119544,1865,49750,170,875.05,4316.22
2026-07-09,CMP03,TikTok,213021,3323,88652,303,1559.29,7328.08
2026-07-10,CMP03,TikTok,159758,2492,66486,228,1169.41,5474.42
2026-07-11,CMP03,TikTok,111950,1747,46590,160,819.46,4022.29
2026-07-12,CMP03,TikTok,112125,1749,46662,160,820.74,4253.04
2026-07-13,CMP03,TikTok,126798,1978,52769,181,928.15,4178.86
2026-07-14,CMP03,TikTok,188443,2940,78423,268,1379.38,7000.71
2026-07-15,CMP03,TikTok,169002,2637,70333,241,1237.08,6519.07
2026-07-16,CMP03,TikTok,163320,2548,67968,233,1195.48,5362.48
2026-07-17,CMP03,TikTok,127640,1991,53119,182,934.31,4460.73
2026-07-18,CMP03,TikTok,133325,2080,55485,190,975.92,4427.01
2026-07-19,CMP03,TikTok,109782,1713,45687,156,803.59,3896.95
2026-07-20,CMP03,TikTok,129846,2026,54037,185,950.46,4524.41
2026-07-21,CMP03,TikTok,170739,2664,71055,243,1249.79,5582.04
2026-07-22,CMP03,TikTok,158571,2474,65991,226,1160.72,5780.81
2026-07-23,CMP03,TikTok,128259,2001,53377,183,938.84,4037.53
2026-07-24,CMP03,TikTok,112635,1757,46875,160,824.48,3708.67
2026-07-25,CMP03,TikTok,133826,2088,55693,191,979.59,4511.69
2026-07-26,CMP03,TikTok,139723,2180,58148,199,1022.76,5329.29
2026-07-27,CMP03,TikTok,124463,1942,51797,177,911.05,4247.22
2026-07-28,CMP03,TikTok,118869,1855,49469,169,870.11,4002.55
2026-07-29,CMP03,TikTok,120781,1884,50265,172,884.10,3917.27
2026-07-30,CMP03,TikTok,224893,3509,93593,320,1646.19,8099.65
2026-07-31,CMP03,TikTok,99965,1560,41602,142,731.73,3802.42
2026-08-01,CMP03,TikTok,162236,2531,67517,231,1187.55,6326.88
2026-08-02,CMP03,TikTok,155656,2428,64778,222,1139.38,5439.22
2026-08-03,CMP03,TikTok,207357,3235,86294,295,1517.83,6844.69
2026-08-04,CMP03,TikTok,151120,2358,62891,215,1106.18,5720.92
2026-08-05,CMP03,TikTok,153247,2391,63776,218,1121.75,5736.01
2026-08-06,CMP03,TikTok,124115,1936,51652,177,908.51,4606.00
2026-08-07,CMP03,TikTok,116177,1813,48349,166,850.40,3589.27
2026-08-08,CMP03,TikTok,162485,2535,67620,231,1189.37,5714.96
2026-08-09,CMP03,TikTok,167749,2617,69811,239,1227.90,6442.92
2026-08-10,CMP03,TikTok,179364,2798,74645,256,1312.92,5947.23
2026-08-11,CMP03,TikTok,139666,2179,58124,199,1022.34,4803.62
2026-08-12,CMP03,TikTok,180676,2819,75191,257,1322.53,5906.43
2026-08-13,CMP03,TikTok,207037,3230,86161,295,1515.49,7239.17
2026-08-14,CMP03,TikTok,176420,2752,73420,251,1291.37,6241.04
2026-08-15,CMP03,TikTok,194924,3041,81121,278,1426.82,6409.03
2026-07-01,CMP04,X (Twitter),10823,115,1426,7,93.73,441.38
2026-07-02,CMP04,X (Twitter),15109,161,1991,10,130.84,613.42
2026-07-03,CMP04,X (Twitter),16684,177,2199,11,144.48,719.33
2026-07-04,CMP04,X (Twitter),18139,193,2391,12,157.08,745.65
2026-07-05,CMP04,X (Twitter),24529,261,3233,16,212.42,1083.63
2026-07-06,CMP04,X (Twitter),23469,249,3093,16,203.24,942.35
2026-07-07,CMP04,X (Twitter),28728,305,3787,19,248.78,1394.75
2026-07-08,CMP04,X (Twitter),42161,448,5557,28,365.11,1809.47
2026-07-09,CMP04,X (Twitter),29908,318,3942,20,259.00,1308.60
2026-07-10,CMP04,X (Twitter),30243,321,3986,20,261.90,1475.32
2026-07-11,CMP04,X (Twitter),26281,279,3464,17,227.59,1161.17
2026-07-12,CMP04,X (Twitter),23491,250,3096,16,203.43,1028.35
2026-07-13,CMP04,X (Twitter),24024,255,3166,16,208.05,1147.81
2026-07-14,CMP04,X (Twitter),29250,311,3855,19,253.30,1291.18
2026-07-15,CMP04,X (Twitter),23357,248,3079,16,202.27,1008.73
2026-07-16,CMP04,X (Twitter),24784,263,3267,16,214.63,1124.78
2026-07-17,CMP04,X (Twitter),23281,247,3069,15,201.61,950.84
2026-07-18,CMP04,X (Twitter),32354,344,4265,22,280.18,1375.96
2026-07-19,CMP04,X (Twitter),30801,327,4060,20,266.73,1415.42
2026-07-20,CMP04,X (Twitter),37057,394,4884,25,320.91,1801.41
2026-07-21,CMP04,X (Twitter),28911,307,3811,19,250.37,1337.50
2026-07-22,CMP04,X (Twitter),31401,334,4139,21,271.93,1501.74
2026-07-23,CMP04,X (Twitter),28334,301,3735,19,245.37,1337.79
2026-07-24,CMP04,X (Twitter),28650,304,3776,19,248.11,1322.29
2026-07-25,CMP04,X (Twitter),25820,274,3403,17,223.60,1057.62
2026-07-26,CMP04,X (Twitter),34073,362,4491,23,295.07,1420.96
2026-07-27,CMP04,X (Twitter),31050,330,4093,21,268.89,1333.43
2026-07-28,CMP04,X (Twitter),30288,322,3992,20,262.29,1385.90
2026-07-01,CMP04,TikTok,26786,236,11413,12,325.83,753.79
2026-07-02,CMP04,TikTok,41091,362,17509,19,499.84,1122.63
2026-07-03,CMP04,TikTok,53768,474,22911,25,654.04,1494.48
2026-07-04,CMP04,TikTok,69190,610,29482,32,841.63,2169.63
2026-07-05,CMP04,TikTok,90415,797,38526,42,1099.82,2792.71
2026-07-06,CMP04,TikTok,71970,634,30667,33,875.45,2090.39
2026-07-07,CMP04,TikTok,69974,616,29816,32,851.17,2387.24
2026-07-08,CMP04,TikTok,73494,647,31316,34,893.99,2023.97
2026-07-09,CMP04,TikTok,63020,555,26853,29,766.58,1792.39
2026-07-10,CMP04,TikTok,64393,567,27438,30,783.28,1972.57
2026-07-11,CMP04,TikTok,63578,560,27091,30,773.37,1858.99
2026-07-12,CMP04,TikTok,93017,819,39635,43,1131.47,3016.22
2026-07-13,CMP04,TikTok,91842,809,39134,43,1117.18,2535.78
2026-07-14,CMP04,TikTok,60864,536,25934,28,740.36,1745.23
2026-07-15,CMP04,TikTok,112854,994,48087,52,1372.77,3518.14
2026-07-16,CMP04,TikTok,80179,706,34165,37,975.31,2267.08
2026-07-17,CMP04,TikTok,70501,621,30041,33,857.58,2173.60
2026-07-18,CMP04,TikTok,108064,952,46047,50,1314.50,3383.05
2026-07-19,CMP04,TikTok,83265,734,35480,39,1012.84,2905.41
2026-07-20,CMP04,TikTok,65348,576,27845,30,794.90,2190.17
2026-07-21,CMP04,TikTok,94323,831,40191,44,1147.35,2765.88
2026-07-22,CMP04,TikTok,101128,891,43091,47,1230.13,3005.16
2026-07-23,CMP04,TikTok,104631,922,44584,49,1272.74,3651.95
2026-07-24,CMP04,TikTok,73576,648,31351,34,894.99,2483.52
2026-07-25,CMP04,TikTok,70737,623,30141,33,860.45,1967.13
2026-07-26,CMP04,TikTok,77002,678,32811,36,936.66,2641.90
2026-07-27,CMP04,TikTok,97681,861,41623,45,1188.20,3124.01
2026-07-28,CMP04,TikTok,84059,741,35818,39,1022.50,2496.31
2026-08-01,CMP05,Instagram,54139,391,22773,25,848.82,1027.73
2026-08-02,CMP05,Instagram,64400,465,27089,29,1009.69,1254.28
2026-08-03,CMP05,Instagram,78018,563,32817,36,1223.20,1370.92
2026-08-04,CMP05,Instagram,122170,882,51389,56,1915.44,2285.39
2026-08-05,CMP05,Instagram,120291,868,50598,55,1885.98,2601.02
2026-08-06,CMP05,Instagram,155255,1121,65306,71,2434.16,2808.62
2026-08-07,CMP05,Instagram,150222,1084,63189,68,2355.25,2897.51
2026-08-08,CMP05,Instagram,123345,890,51883,56,1933.86,2268.56
2026-08-09,CMP05,Instagram,167022,1206,70255,76,2618.65,3591.03
2026-08-10,CMP05,Instagram,144468,1043,60768,66,2265.04,2506.66
2026-08-11,CMP05,Instagram,148296,1071,62378,68,2325.05,2747.60
2026-08-12,CMP05,Instagram,166068,1199,69854,76,2603.69,3467.37
2026-08-13,CMP05,Instagram,108411,783,45601,49,1699.72,2277.04
2026-08-14,CMP05,Instagram,148661,1073,62532,68,2330.78,2934.89
2026-08-15,CMP05,Instagram,107500,776,45218,49,1685.43,2270.34
2026-08-16,CMP05,Instagram,145856,1053,61352,67,2286.80,3228.53
2026-08-17,CMP05,Instagram,178901,1291,75252,82,2804.89,3635.48
2026-08-18,CMP05,Instagram,148036,1069,62269,68,2320.98,2882.44
2026-08-19,CMP05,Instagram,172033,1242,72363,78,2697.21,3604.70
2026-08-20,CMP05,Instagram,183313,1323,77108,84,2874.07,3922.78
2026-08-21,CMP05,Instagram,130890,945,55057,60,2052.15,2665.85
2026-08-22,CMP05,Instagram,150998,1090,63515,69,2367.42,3149.54
2026-08-23,CMP05,Instagram,139424,1006,58646,64,2185.95,2686.20
2026-08-24,CMP05,Instagram,162428,1173,68323,74,2546.62,2963.21
2026-08-25,CMP05,Instagram,134628,972,56629,61,2110.76,2707.48
2026-08-26,CMP05,Instagram,169952,1227,71488,78,2664.59,3394.95
2026-08-27,CMP05,Instagram,200691,1449,84417,92,3146.53,4375.32
2026-08-28,CMP05,Instagram,168329,1215,70805,77,2639.14,3285.82
2026-08-29,CMP05,Instagram,131955,953,55505,60,2068.85,2828.24
2026-08-30,CMP05,Instagram,128486,928,54046,59,2014.46,2394.96
2026-08-31,CMP05,Instagram,173014,1249,72775,79,2712.59,3766.59
2026-08-01,CMP05,TikTok,66902,487,28507,44,738.52,1894.27
2026-08-02,CMP05,TikTok,76986,560,32804,50,849.84,2171.58
2026-08-03,CMP05,TikTok,87087,634,37108,57,961.34,2327.57
2026-08-04,CMP05,TikTok,99740,726,42500,65,1101.01,2725.90
2026-08-05,CMP05,TikTok,138909,1011,59190,91,1533.39,3469.99
2026-08-06,CMP05,TikTok,152855,1112,65132,100,1687.34,3854.04
2026-08-07,CMP05,TikTok,113024,823,48160,74,1247.65,3023.27
2026-08-08,CMP05,TikTok,96491,702,41116,63,1065.15,2686.44
2026-08-09,CMP05,TikTok,135034,983,57539,88,1490.62,4091.60
2026-08-10,CMP05,TikTok,170271,1239,72553,111,1879.59,5117.52
2026-08-11,CMP05,TikTok,159549,1161,67985,104,1761.24,3994.28
2026-08-12,CMP05,TikTok,147240,1072,62740,96,1625.36,3680.55
2026-08-13,CMP05,TikTok,144182,1049,61437,94,1591.60,4306.94
2026-08-14,CMP05,TikTok,171842,1251,73223,112,1896.94,4253.36
2026-08-15,CMP05,TikTok,112293,817,47849,73,1239.58,2858.48
2026-08-16,CMP05,TikTok,139007,1012,59232,91,1534.48,3743.03
2026-08-17,CMP05,TikTok,116435,847,49613,76,1285.31,3335.79
2026-08-18,CMP05,TikTok,129111,940,55015,84,1425.24,3483.25
2026-08-19,CMP05,TikTok,194284,1414,82785,127,2144.67,5185.82
2026-08-20,CMP05,TikTok,119090,867,50745,78,1314.62,3074.57
2026-08-21,CMP05,TikTok,187045,1361,79701,122,2064.76,5297.72
2026-08-22,CMP05,TikTok,185844,1352,79189,121,2051.50,5237.62
2026-08-23,CMP05,TikTok,142056,1034,60531,93,1568.13,3737.30
2026-08-24,CMP05,TikTok,112061,815,47750,73,1237.02,3421.68
2026-08-25,CMP05,TikTok,199218,1450,84888,130,2199.14,5635.29
2026-08-26,CMP05,TikTok,174143,1267,74203,114,1922.34,4876.00
2026-08-27,CMP05,TikTok,139460,1015,59425,91,1539.48,3493.38
2026-08-28,CMP05,TikTok,126237,919,53790,83,1393.51,3352.00
2026-08-29,CMP05,TikTok,119164,867,50776,78,1315.43,3350.51
2026-08-30,CMP05,TikTok,160643,1169,68451,105,1773.31,4906.92
2026-08-31,CMP05,TikTok,170997,1244,72863,112,1887.61,4747.25
2026-06-20,CMP06,Instagram,52352,438,21192,61,553.33,1983.36
2026-06-21,CMP06,Instagram,54489,456,22058,63,575.92,2193.25
2026-06-22,CMP06,Instagram,77455,649,31354,90,818.66,2537.14
2026-06-23,CMP06,Instagram,83596,700,33841,97,883.57,3210.92
2026-06-24,CMP06,Instagram,115510,967,46760,134,1220.88,4223.17
2026-06-25,CMP06,Instagram,150128,1257,60773,174,1586.77,6125.68
2026-06-26,CMP06,Instagram,138079,1156,55896,160,1459.42,4837.09
2026-06-27,CMP06,Instagram,135203,1132,54732,157,1429.02,5177.79
2026-06-28,CMP06,Instagram,120189,1006,48654,139,1270.33,3904.81
2026-06-29,CMP06,Instagram,117139,981,47419,136,1238.10,4819.63
2026-06-30,CMP06,Instagram,122363,1025,49534,142,1293.31,4958.82
2026-07-01,CMP06,Instagram,151159,1266,61191,175,1597.67,4923.82
2026-07-02,CMP06,Instagram,104226,873,42192,121,1101.61,4121.66
2026-07-03,CMP06,Instagram,105034,880,42519,122,1110.15,4334.12
2026-07-04,CMP06,Instagram,131621,1102,53282,152,1391.16,4865.37
2026-07-05,CMP06,Instagram,108910,912,44088,126,1151.12,3720.56
2026-07-06,CMP06,Instagram,103611,868,41943,120,1095.11,3786.51
2026-07-07,CMP06,Instagram,138090,1156,55900,160,1459.54,4772.91
2026-07-08,CMP06,Instagram,108630,910,43975,126,1148.16,4144.20
2026-07-09,CMP06,Instagram,121292,1016,49100,140,1281.99,4220.08
2026-07-10,CMP06,Instagram,114206,956,46232,132,1207.10,4444.21
2026-07-11,CMP06,Instagram,103386,866,41852,120,1092.74,4131.90
2026-07-12,CMP06,Instagram,153856,1288,62283,178,1626.18,5908.11
2026-07-13,CMP06,Instagram,164557,1378,66614,190,1739.28,5650.39
2026-07-14,CMP06,Instagram,129661,1086,52488,150,1370.45,4833.58
2026-07-15,CMP06,Instagram,133093,1114,53878,154,1406.72,4716.14
2026-07-16,CMP06,Instagram,106612,893,43157,123,1126.83,3628.86
2026-07-17,CMP06,Instagram,177080,1483,71684,205,1871.64,7063.65
2026-07-18,CMP06,Instagram,117653,985,47627,136,1243.53,4092.61
2026-07-19,CMP06,Instagram,134456,1126,54429,156,1421.13,5156.63
2026-07-20,CMP06,Instagram,100909,845,40849,117,1066.55,4095.95
2026-07-21,CMP06,Instagram,232284,1945,94031,269,2455.12,7801.85
2026-07-22,CMP06,Instagram,164147,1375,66448,190,1734.95,6106.98
2026-07-23,CMP06,Instagram,156164,1308,63217,181,1650.57,5757.86
2026-07-24,CMP06,Instagram,135844,1138,54991,157,1435.80,4538.08
2026-07-25,CMP06,Instagram,127016,1064,51417,147,1342.49,5050.89
2026-07-10,CMP07,Instagram,28542,238,11981,19,377.65,1568.83
2026-07-11,CMP07,Instagram,29361,245,12324,20,388.49,1467.73
2026-07-12,CMP07,Instagram,47474,396,19927,32,628.15,2646.60
2026-07-13,CMP07,Instagram,61735,515,25913,42,816.84,2842.18
2026-07-14,CMP07,Instagram,68600,572,28795,46,907.68,3892.16
2026-07-15,CMP07,Instagram,83533,696,35063,56,1105.26,4769.41
2026-07-16,CMP07,Instagram,77043,642,32339,52,1019.39,3610.88
2026-07-17,CMP07,Instagram,86540,721,36325,58,1145.05,4475.63
2026-07-18,CMP07,Instagram,85758,715,35997,58,1134.70,4767.13
2026-07-19,CMP07,Instagram,102248,852,42919,69,1352.89,5065.31
2026-07-20,CMP07,Instagram,76108,635,31947,51,1007.02,3998.25
2026-07-21,CMP07,Instagram,69644,581,29233,47,921.49,3685.86
2026-07-22,CMP07,Instagram,93101,776,39080,63,1231.86,4318.84
2026-07-23,CMP07,Instagram,100682,839,42262,68,1332.17,5335.42
2026-07-24,CMP07,Instagram,77944,650,32717,53,1031.31,4234.41
2026-07-25,CMP07,Instagram,65112,543,27331,44,861.53,3111.68
2026-07-26,CMP07,Instagram,77169,643,32392,52,1021.06,3990.55
2026-07-27,CMP07,Instagram,83880,699,35209,57,1109.85,4638.13
2026-07-28,CMP07,Instagram,71085,593,29838,48,940.56,3761.15
2026-07-29,CMP07,Instagram,82100,684,34462,55,1086.30,4703.85
2026-07-30,CMP07,Instagram,89562,747,37594,60,1185.04,4074.43
2026-07-31,CMP07,Instagram,89844,749,37712,61,1188.77,4124.84
2026-08-01,CMP07,Instagram,62339,520,26167,42,824.84,3556.69
2026-08-02,CMP07,Instagram,49293,411,20691,33,652.22,2834.75
2026-08-03,CMP07,Instagram,92402,770,38786,62,1222.61,5090.62
2026-08-04,CMP07,Instagram,67495,563,28331,46,893.06,3951.81
2026-08-05,CMP07,Instagram,81967,683,34406,55,1084.54,3802.66
2026-08-06,CMP07,Instagram,76866,641,32265,52,1017.05,4129.81
2026-08-07,CMP07,Instagram,73880,616,31011,50,977.54,3726.48
2026-08-08,CMP07,Instagram,60688,506,25474,41,802.99,3320.38
2026-08-09,CMP07,Instagram,69230,577,29060,47,916.01,3481.78
2026-08-10,CMP07,Instagram,99303,828,41683,67,1313.92,5059.12
2026-08-11,CMP07,Instagram,67997,567,28542,46,899.70,3641.87
2026-08-12,CMP07,Instagram,100552,838,42207,68,1330.45,5732.00
2026-08-13,CMP07,Instagram,60068,501,25214,40,794.79,2882.73
2026-08-14,CMP07,Instagram,76116,635,31950,51,1007.13,3724.24
2026-08-15,CMP07,Instagram,89039,742,37374,60,1178.12,4358.61
2026-08-16,CMP07,Instagram,79892,666,33535,54,1057.09,4335.74
2026-08-17,CMP07,Instagram,95844,799,40231,65,1268.16,5057.83
2026-08-18,CMP07,Instagram,78408,654,32912,53,1037.45,4146.59
2026-08-19,CMP07,Instagram,86504,721,36310,58,1144.57,4825.15
2026-08-20,CMP07,Instagram,77328,645,32458,52,1023.16,3892.12
2026-08-21,CMP07,Instagram,98221,819,41228,66,1299.61,5066.81
2026-08-22,CMP07,Instagram,76989,642,32316,52,1018.68,3770.35
2026-08-23,CMP07,Instagram,56539,471,23732,38,748.09,3229.29
2026-08-24,CMP07,Instagram,83916,700,35224,57,1110.33,4488.77
2026-08-25,CMP07,Instagram,91827,766,38545,62,1215.00,5266.21
2026-08-26,CMP07,Instagram,88006,734,36941,59,1164.45,4042.53
2026-08-27,CMP07,Instagram,61725,515,25909,42,816.71,2958.08
2026-08-28,CMP07,Instagram,101147,843,42456,68,1338.32,4791.72
2026-08-29,CMP07,Instagram,73000,609,30642,49,965.90,3453.47
2026-08-30,CMP07,Instagram,85120,710,35729,57,1126.26,4400.52
2026-08-31,CMP07,Instagram,69234,577,29061,47,916.07,3617.47
2026-07-10,CMP07,X (Twitter),10072,87,1462,4,76.57,295.62
2026-07-11,CMP07,X (Twitter),15391,133,2235,6,117.01,466.66
2026-07-12,CMP07,X (Twitter),9650,83,1401,4,73.36,344.80
2026-07-13,CMP07,X (Twitter),16089,139,2336,6,122.31,484.23
2026-07-14,CMP07,X (Twitter),33729,291,4898,13,256.42,1089.17
2026-07-15,CMP07,X (Twitter),24812,214,3603,9,188.63,750.71
2026-07-16,CMP07,X (Twitter),23303,201,3384,9,177.16,670.12
2026-07-17,CMP07,X (Twitter),28003,241,4066,11,212.89,784.05
2026-07-18,CMP07,X (Twitter),19375,167,2814,7,147.29,560.08
2026-07-19,CMP07,X (Twitter),19075,164,2770,7,145.01,576.21
2026-07-20,CMP07,X (Twitter),26673,230,3873,10,202.77,730.78
2026-07-21,CMP07,X (Twitter),24031,207,3490,9,182.69,662.78
2026-07-22,CMP07,X (Twitter),28658,247,4161,11,217.87,861.19
2026-07-23,CMP07,X (Twitter),34363,296,4990,13,261.24,966.62
2026-07-24,CMP07,X (Twitter),19430,167,2822,7,147.71,594.45
2026-07-25,CMP07,X (Twitter),22926,198,3329,9,174.29,720.04
2026-07-26,CMP07,X (Twitter),24309,210,3530,9,184.80,641.45
2026-07-27,CMP07,X (Twitter),23225,200,3373,9,176.56,726.59
2026-07-28,CMP07,X (Twitter),31638,273,4594,12,240.52,974.06
2026-07-29,CMP07,X (Twitter),25132,217,3650,10,191.06,855.77
2026-07-30,CMP07,X (Twitter),22028,190,3199,8,167.46,674.28
2026-07-31,CMP07,X (Twitter),27546,237,4000,11,209.41,931.53
2026-08-01,CMP07,X (Twitter),19706,170,2862,8,149.81,565.39
2026-08-02,CMP07,X (Twitter),22527,194,3271,9,171.26,763.71
2026-08-03,CMP07,X (Twitter),24851,214,3609,10,188.92,799.01
2026-08-04,CMP07,X (Twitter),24732,213,3591,9,188.02,744.33
2026-08-05,CMP07,X (Twitter),29946,258,4348,11,227.66,846.74
2026-08-06,CMP07,X (Twitter),31273,270,4541,12,237.75,890.21
2026-08-07,CMP07,X (Twitter),23168,200,3364,9,176.13,645.17
2026-08-08,CMP07,X (Twitter),22947,198,3332,9,174.45,705.00
2026-08-09,CMP07,X (Twitter),24058,207,3494,9,182.89,662.34
2026-08-10,CMP07,X (Twitter),16641,143,2416,6,126.51,514.68
2026-08-11,CMP07,X (Twitter),24107,208,3501,9,183.27,607.81
2026-08-12,CMP07,X (Twitter),27213,235,3952,10,206.88,738.26
2026-08-13,CMP07,X (Twitter),22617,195,3284,9,171.94,674.12
2026-08-14,CMP07,X (Twitter),26892,232,3905,10,204.44,845.15
2026-08-15,CMP07,X (Twitter),24532,211,3562,9,186.50,754.19
2026-08-16,CMP07,X (Twitter),27767,239,4032,11,211.09,826.92
2026-08-17,CMP07,X (Twitter),27537,237,3999,11,209.34,853.40
2026-08-18,CMP07,X (Twitter),22354,193,3246,9,169.94,772.65
2026-08-19,CMP07,X (Twitter),20599,178,2991,8,156.60,639.44
2026-08-20,CMP07,X (Twitter),28060,242,4075,11,213.32,805.07
2026-08-21,CMP07,X (Twitter),26973,233,3917,10,205.06,706.40
2026-08-22,CMP07,X (Twitter),21695,187,3150,8,164.93,572.53
2026-08-23,CMP07,X (Twitter),26237,226,3810,10,199.46,838.34
2026-08-24,CMP07,X (Twitter),22087,190,3207,8,167.91,688.56
2026-08-25,CMP07,X (Twitter),25136,217,3650,10,191.09,801.26
2026-08-26,CMP07,X (Twitter),25888,223,3759,10,196.81,715.18
2026-08-27,CMP07,X (Twitter),39379,339,5718,15,299.37,1221.56
2026-08-28,CMP07,X (Twitter),32673,282,4744,13,248.39,1035.32
2026-08-29,CMP07,X (Twitter),19947,172,2897,8,151.64,640.49
2026-08-30,CMP07,X (Twitter),33878,292,4919,13,257.55,962.97
2026-08-31,CMP07,X (Twitter),30122,260,4374,12,228.99,821.68
2026-08-14,CMP08,Snapchat,50565,517,21857,23,361.81,438.42
2026-08-15,CMP08,Snapchat,99037,1012,42809,44,708.64,871.10
2026-08-16,CMP08,Snapchat,69005,705,29828,31,493.75,626.01
2026-08-17,CMP08,Snapchat,95072,972,41095,42,680.27,765.72
2026-08-18,CMP08,Snapchat,100237,1024,43328,45,717.23,866.76
2026-08-19,CMP08,Snapchat,99034,1012,42808,44,708.62,732.55
2026-08-20,CMP08,Snapchat,146194,1494,63193,65,1046.06,1072.04
2026-08-21,CMP08,Snapchat,122363,1250,52892,54,875.55,1033.74
2026-08-22,CMP08,Snapchat,154561,1579,66809,69,1105.93,1309.12
2026-08-23,CMP08,Snapchat,154745,1581,66889,69,1107.25,1245.45
2026-08-24,CMP08,Snapchat,122371,1250,52895,54,875.60,969.56
2026-08-25,CMP08,Snapchat,151824,1551,65626,67,1086.35,1276.89
2026-08-26,CMP08,Snapchat,130991,1339,56621,58,937.28,1092.56
2026-08-27,CMP08,Snapchat,137623,1406,59488,61,984.74,1135.98
2026-08-28,CMP08,Snapchat,135920,1389,58751,60,972.55,1047.70
2026-08-29,CMP08,Snapchat,170782,1745,73821,76,1222.00,1428.29
2026-08-30,CMP08,Snapchat,185590,1896,80222,82,1327.95,1500.81
2026-08-31,CMP08,Snapchat,125086,1278,54068,56,895.03,1013.17
2026-08-14,CMP08,X (Twitter),37461,409,4806,84,256.69,1365.10
2026-08-15,CMP08,X (Twitter),53579,586,6874,121,367.14,2469.40
2026-08-16,CMP08,X (Twitter),41238,451,5291,93,282.57,1849.64
2026-08-17,CMP08,X (Twitter),64021,700,8214,144,438.69,2336.49
2026-08-18,CMP08,X (Twitter),68468,748,8784,154,469.16,2573.53
2026-08-19,CMP08,X (Twitter),99663,1090,12786,224,682.91,4208.66
2026-08-20,CMP08,X (Twitter),107840,1179,13835,243,738.95,4814.48
2026-08-21,CMP08,X (Twitter),78518,858,10074,177,538.02,3238.83
2026-08-22,CMP08,X (Twitter),78896,862,10122,178,540.61,3228.76
2026-08-23,CMP08,X (Twitter),91289,998,11712,206,625.53,3903.88
2026-08-24,CMP08,X (Twitter),101781,1113,13058,229,697.43,4187.61
2026-08-25,CMP08,X (Twitter),111105,1215,14254,250,761.32,4977.16
2026-08-26,CMP08,X (Twitter),110382,1207,14162,248,756.36,4455.31
2026-08-27,CMP08,X (Twitter),139479,1525,17895,314,955.74,5532.47
2026-08-28,CMP08,X (Twitter),85066,930,10914,191,582.89,3532.98
2026-08-29,CMP08,X (Twitter),79179,866,10158,178,542.55,3555.05
2026-08-30,CMP08,X (Twitter),95041,1039,12193,214,651.24,3796.44
2026-08-31,CMP08,X (Twitter),111994,1224,14368,252,767.41,4164.82
2026-07-15,CMP09,TikTok,99206,749,41740,38,916.27,3870.84
2026-07-16,CMP09,TikTok,122606,926,51586,47,1132.39,4978.30
2026-07-17,CMP09,TikTok,175627,1327,73894,68,1622.09,5987.44
2026-07-18,CMP09,TikTok,198562,1500,83544,77,1833.92,7356.90
2026-07-19,CMP09,TikTok,238848,1804,100493,92,2206.00,10067.22
2026-07-20,CMP09,TikTok,143863,1087,60529,55,1328.72,5526.68
2026-07-21,CMP09,TikTok,250622,1893,105447,97,2314.74,8388.16
2026-07-22,CMP09,TikTok,240716,1818,101279,93,2223.25,8070.94
2026-07-23,CMP09,TikTok,353958,2674,148925,137,3269.15,14301.37
2026-07-24,CMP09,TikTok,338228,2555,142307,131,3123.87,13283.55
2026-07-25,CMP09,TikTok,206901,1563,87052,80,1910.94,7624.37
2026-07-26,CMP09,TikTok,298980,2258,125793,115,2761.38,11035.69
2026-07-27,CMP09,TikTok,386735,2921,162716,149,3571.88,16000.09
2026-07-28,CMP09,TikTok,279944,2114,117784,108,2585.56,11016.71
2026-07-29,CMP09,TikTok,301951,2281,127044,117,2788.82,10540.78
2026-07-30,CMP09,TikTok,203738,1539,85721,79,1881.72,8241.01
2026-07-31,CMP09,TikTok,305100,2305,128368,118,2817.90,10491.29
2026-08-01,CMP09,TikTok,427984,3233,180071,165,3952.86,15503.20
2026-08-02,CMP09,TikTok,250870,1895,105551,97,2317.03,8633.66
2026-08-03,CMP09,TikTok,192041,1451,80800,74,1773.69,7605.60
2026-08-04,CMP09,TikTok,225032,1700,94681,87,2078.39,8055.98
2026-08-05,CMP09,TikTok,322811,2438,135820,125,2981.48,10845.31
2026-08-06,CMP09,TikTok,354335,2676,149084,137,3272.64,13181.87
2026-08-07,CMP09,TikTok,290669,2195,122297,112,2684.62,11951.94
2026-08-08,CMP09,TikTok,312464,2360,131467,121,2885.92,13194.83
2026-08-09,CMP09,TikTok,338096,2554,142251,130,3122.65,12735.21
2026-08-10,CMP09,TikTok,288950,2183,121573,111,2668.74,9989.04
2026-08-11,CMP09,TikTok,243674,1841,102524,94,2250.57,8727.25
2026-08-12,CMP09,TikTok,342881,2590,144264,132,3166.85,13704.20
2026-08-13,CMP09,TikTok,341091,2576,143511,132,3150.32,13185.61
2026-08-14,CMP09,TikTok,201976,1526,84980,78,1865.45,7361.56
2026-08-15,CMP09,TikTok,221309,1672,93114,85,2044.01,8127.21
2026-08-16,CMP09,TikTok,370343,2797,155819,143,3420.49,13363.76
2026-08-17,CMP09,TikTok,326835,2469,137513,126,3018.65,12381.97
2026-08-18,CMP09,TikTok,239177,1807,100632,92,2209.04,9020.17
2026-08-19,CMP09,TikTok,223761,1690,94146,86,2066.66,8559.70
2026-08-20,CMP09,TikTok,315466,2383,132730,122,2913.64,12198.92
2026-07-15,CMP09,Instagram,129878,1017,53750,32,1430.22,3270.03
2026-07-16,CMP09,Instagram,190110,1489,78677,47,2093.50,4198.79
2026-07-17,CMP09,Instagram,208686,1634,86364,52,2298.06,5328.19
2026-07-18,CMP09,Instagram,181948,1425,75299,45,2003.62,4720.86
2026-07-19,CMP09,Instagram,195729,1533,81002,49,2155.38,4361.80
2026-07-20,CMP09,Instagram,312790,2450,129448,78,3444.46,7911.37
2026-07-21,CMP09,Instagram,304141,2382,125868,76,3349.22,7635.01
2026-07-22,CMP09,Instagram,342873,2685,141897,86,3775.73,7442.31
2026-07-23,CMP09,Instagram,362104,2836,149856,90,3987.51,8046.36
2026-07-24,CMP09,Instagram,277410,2173,114806,69,3054.85,7172.33
2026-07-25,CMP09,Instagram,287075,2248,118806,72,3161.28,7106.91
2026-07-26,CMP09,Instagram,298946,2341,123718,75,3292.01,7813.20
2026-07-27,CMP09,Instagram,341112,2672,141168,85,3756.34,8832.20
2026-07-28,CMP09,Instagram,312981,2451,129526,78,3446.56,7675.65
2026-07-29,CMP09,Instagram,313998,2459,129947,78,3457.76,7893.31
2026-07-30,CMP09,Instagram,284208,2226,117619,71,3129.71,6857.38
2026-07-31,CMP09,Instagram,292042,2287,120861,73,3215.98,7419.10
2026-08-01,CMP09,Instagram,256862,2012,106302,64,2828.58,6727.59
2026-08-02,CMP09,Instagram,239849,1879,99261,60,2641.23,6337.25
2026-08-03,CMP09,Instagram,387325,3034,160293,97,4265.24,9468.91
2026-08-04,CMP09,Instagram,293305,2297,121384,73,3229.89,7292.20
2026-08-05,CMP09,Instagram,350060,2742,144872,87,3854.88,9163.95
2026-08-06,CMP09,Instagram,261099,2045,108055,65,2875.24,6960.38
2026-08-07,CMP09,Instagram,335374,2627,138794,84,3693.16,9227.22
2026-08-08,CMP09,Instagram,280576,2198,116116,70,3089.72,7495.82
2026-08-09,CMP09,Instagram,316830,2481,131119,79,3488.95,7460.53
2026-08-10,CMP09,Instagram,321684,2519,133128,80,3542.40,7660.58
2026-08-11,CMP09,Instagram,355376,2783,147072,89,3913.42,9122.88
2026-08-12,CMP09,Instagram,318484,2494,131804,79,3507.16,7250.82
2026-08-13,CMP09,Instagram,312182,2445,129196,78,3437.76,7346.65
2026-08-14,CMP09,Instagram,371140,2907,153596,93,4087.01,8520.31
2026-08-15,CMP09,Instagram,314731,2465,130251,78,3465.83,7982.48
2026-08-16,CMP09,Instagram,472167,3698,195405,118,5199.53,11678.98
2026-08-17,CMP09,Instagram,248511,1946,102846,62,2736.62,6808.81
2026-08-18,CMP09,Instagram,301010,2358,124573,75,3314.74,7529.42
2026-08-19,CMP09,Instagram,337855,2646,139821,84,3720.48,8816.28
2026-08-20,CMP09,Instagram,314849,2466,130300,79,3467.13,8491.52
2026-08-10,CMP10,Instagram,57198,453,24486,35,564.48,1446.25
2026-08-11,CMP10,Instagram,73643,583,31526,45,726.77,1737.61
2026-08-12,CMP10,Instagram,55800,442,23888,34,550.68,1324.85
2026-08-13,CMP10,Instagram,82055,650,35127,50,809.78,2148.41
2026-08-14,CMP10,Instagram,102058,809,43690,62,1007.19,2204.42
2026-08-15,CMP10,Instagram,99393,787,42549,61,980.89,2503.91
2026-08-16,CMP10,Instagram,129902,1029,55610,79,1281.98,2727.98
2026-08-17,CMP10,Instagram,159555,1264,68305,97,1574.62,3477.63
2026-08-18,CMP10,Instagram,175136,1388,74974,107,1728.38,4571.29
2026-08-19,CMP10,Instagram,110652,877,47369,67,1092.00,2707.34
2026-08-20,CMP10,Instagram,109121,865,46714,66,1076.89,2288.73
2026-08-21,CMP10,Instagram,101034,800,43252,62,997.09,2563.52
2026-08-22,CMP10,Instagram,83898,665,35916,51,827.97,2223.54
2026-08-23,CMP10,Instagram,149779,1187,64119,91,1478.14,3765.83
2026-08-24,CMP10,Instagram,148721,1178,63667,91,1467.70,3928.99
2026-08-25,CMP10,Instagram,194374,1540,83210,118,1918.24,4288.37
2026-08-26,CMP10,Instagram,128263,1016,54908,78,1265.80,2916.81
2026-08-27,CMP10,Instagram,148601,1177,63615,91,1466.51,3963.38
2026-08-28,CMP10,Instagram,152349,1207,65220,93,1503.50,3594.75
2026-08-29,CMP10,Instagram,112894,894,48329,69,1114.13,2684.77
2026-08-30,CMP10,Instagram,138146,1094,59139,84,1363.34,2944.67
2026-08-31,CMP10,Instagram,113028,895,48387,69,1115.45,2466.28
2026-08-10,CMP10,TikTok,45059,308,18947,59,467.10,2534.91
2026-08-11,CMP10,TikTok,54829,374,23055,71,568.38,2912.78
2026-08-12,CMP10,TikTok,79738,544,33529,104,826.60,3662.17
2026-08-13,CMP10,TikTok,121188,828,50958,158,1256.29,6514.42
2026-08-14,CMP10,TikTok,115692,790,48647,150,1199.31,5531.34
2026-08-15,CMP10,TikTok,95876,655,40315,125,993.89,5233.97
2026-08-16,CMP10,TikTok,102947,703,43288,134,1067.19,4957.59
2026-08-17,CMP10,TikTok,105141,718,44211,137,1089.94,5902.77
2026-08-18,CMP10,TikTok,147111,1005,61858,191,1525.02,7095.25
2026-08-19,CMP10,TikTok,110705,756,46550,144,1147.61,5533.70
2026-08-20,CMP10,TikTok,104901,716,44109,136,1087.45,5147.25
2026-08-21,CMP10,TikTok,88054,601,37026,114,912.81,4757.71
2026-08-22,CMP10,TikTok,147359,1006,61963,192,1527.59,6869.77
2026-08-23,CMP10,TikTok,161193,1101,67780,210,1670.99,8350.22
2026-08-24,CMP10,TikTok,116526,796,48998,151,1207.96,5484.86
2026-08-25,CMP10,TikTok,87547,598,36812,114,907.55,4875.39
2026-08-26,CMP10,TikTok,122349,835,51446,159,1268.32,6460.24
2026-08-27,CMP10,TikTok,131477,898,55284,171,1362.95,6057.60
2026-08-28,CMP10,TikTok,127362,870,53554,166,1320.29,5824.96
2026-08-29,CMP10,TikTok,132203,903,55590,172,1370.47,6062.94
2026-08-30,CMP10,TikTok,127331,870,53541,166,1319.97,6230.91
2026-08-31,CMP10,TikTok,135412,925,56939,176,1403.74,6488.30
2026-06-01,CMP11,Snapchat,30732,589,13177,8,228.22,82.21
2026-06-02,CMP11,Snapchat,35780,685,15342,9,265.70,83.57
2026-06-03,CMP11,Snapchat,58662,1124,25154,15,435.62,134.18
2026-06-04,CMP11,Snapchat,53170,1018,22798,13,394.84,132.29
2026-06-05,CMP11,Snapchat,73872,1415,31675,18,548.57,167.82
2026-06-06,CMP11,Snapchat,59517,1140,25520,15,441.97,129.59
2026-06-07,CMP11,Snapchat,70298,1346,30143,18,522.03,164.09
2026-06-08,CMP11,Snapchat,77778,1490,33350,19,577.58,155.99
2026-06-09,CMP11,Snapchat,66693,1277,28597,17,495.26,156.74
2026-06-10,CMP11,Snapchat,69450,1330,29779,17,515.74,151.94
2026-06-11,CMP11,Snapchat,52446,1005,22488,13,389.46,121.06
2026-06-12,CMP11,Snapchat,81398,1559,34902,20,604.46,192.30
2026-06-13,CMP11,Snapchat,92604,1774,39707,23,687.68,211.17
2026-06-14,CMP11,Snapchat,103706,1986,44468,26,770.12,236.94
2026-06-15,CMP11,Snapchat,66216,1268,28392,17,491.72,174.41
2026-06-16,CMP11,Snapchat,73421,1406,31482,18,545.22,180.36
2026-06-17,CMP11,Snapchat,48955,938,20991,12,363.54,101.09
2026-06-18,CMP11,Snapchat,77643,1487,33292,19,576.58,157.86
2026-06-19,CMP11,Snapchat,74211,1421,31821,19,551.09,174.48
2026-06-20,CMP11,Snapchat,87105,1668,37349,22,646.84,187.20
2026-06-21,CMP11,Snapchat,95654,1832,41015,24,710.33,226.15
2026-06-22,CMP11,Snapchat,74279,1423,31850,19,551.60,186.22
2026-06-23,CMP11,Snapchat,73902,1415,31688,18,548.80,160.23
2026-06-24,CMP11,Snapchat,73322,1404,31439,18,544.49,179.58
2026-06-25,CMP11,Snapchat,52984,1015,22719,13,393.46,106.86
2026-06-26,CMP11,Snapchat,79021,1513,33883,20,586.81,200.25
2026-06-27,CMP11,Snapchat,73173,1402,31376,18,543.38,185.08
2026-06-28,CMP11,Snapchat,70270,1346,30131,18,521.82,164.23
2026-06-29,CMP11,Snapchat,107998,2068,46308,27,801.99,237.49
2026-06-30,CMP11,Snapchat,81804,1567,35076,20,607.48,202.10
2026-07-01,CMP11,Snapchat,83935,1608,35990,21,623.30,208.31
2026-07-02,CMP11,Snapchat,91878,1760,39396,23,682.29,187.91
2026-07-03,CMP11,Snapchat,82147,1573,35224,20,610.02,173.88
2026-07-04,CMP11,Snapchat,103593,1984,44419,26,769.28,217.17
2026-07-05,CMP11,Snapchat,88774,1700,38065,22,659.24,193.04
2026-07-06,CMP11,Snapchat,106044,2031,45470,26,787.48,267.30
2026-07-07,CMP11,Snapchat,96181,1842,41241,24,714.24,209.02
2026-07-08,CMP11,Snapchat,71293,1365,30569,18,529.42,149.99
2026-07-09,CMP11,Snapchat,70445,1349,30206,18,523.12,155.90
2026-07-10,CMP11,Snapchat,62681,1201,26877,16,465.47,163.89
2026-07-11,CMP11,Snapchat,84139,1612,36077,21,624.82,202.49
2026-07-12,CMP11,Snapchat,71167,1363,30515,18,528.49,153.68
2026-07-13,CMP11,Snapchat,62333,1194,26728,16,462.88,149.64
2026-07-14,CMP11,Snapchat,65965,1263,28285,16,489.86,136.27
2026-07-15,CMP11,Snapchat,90966,1742,39005,23,675.51,200.04
2026-07-16,CMP11,Snapchat,112257,2150,48134,28,833.62,277.33
2026-07-17,CMP11,Snapchat,65149,1248,27935,16,483.80,138.08
2026-07-18,CMP11,Snapchat,101463,1943,43506,25,753.46,230.19
2026-07-19,CMP11,Snapchat,95822,1835,41087,24,711.57,220.50
2026-07-20,CMP11,Snapchat,78028,1494,33457,19,579.44,160.22
2026-07-21,CMP11,Snapchat,81058,1553,34756,20,601.94,195.84
2026-07-22,CMP11,Snapchat,64245,1230,27547,16,477.08,136.18
2026-07-23,CMP11,Snapchat,88876,1702,38109,22,659.99,188.67
2026-07-24,CMP11,Snapchat,97685,1871,41886,24,725.41,209.59
2026-07-25,CMP11,Snapchat,74426,1426,31913,19,552.69,154.65
2026-07-26,CMP11,Snapchat,76261,1461,32700,19,566.31,154.17
2026-07-27,CMP11,Snapchat,57345,1098,24589,14,425.84,141.10
2026-07-28,CMP11,Snapchat,78289,1499,33569,20,581.37,202.05
2026-07-29,CMP11,Snapchat,83648,1602,35867,21,621.17,172.81
2026-07-30,CMP11,Snapchat,78535,1504,33675,20,583.20,180.07
2026-07-31,CMP11,Snapchat,73049,1399,31322,18,542.46,164.65
2026-08-01,CMP11,Snapchat,82774,1585,35492,21,614.68,210.52
2026-08-02,CMP11,Snapchat,68953,1321,29566,17,512.04,159.85
2026-08-03,CMP11,Snapchat,76495,1465,32800,19,568.05,179.24
2026-08-04,CMP11,Snapchat,110622,2119,47433,28,821.48,259.75
2026-08-05,CMP11,Snapchat,92484,1771,39656,23,686.79,235.46
2026-08-06,CMP11,Snapchat,77183,1478,33095,19,573.16,160.72
2026-08-07,CMP11,Snapchat,49627,951,21279,12,368.53,103.40
2026-08-08,CMP11,Snapchat,92161,1765,39517,23,684.39,223.77
2026-08-09,CMP11,Snapchat,81345,1558,34880,20,604.07,203.16
2026-08-10,CMP11,Snapchat,93801,1797,40220,23,696.57,235.70
2026-08-11,CMP11,Snapchat,82682,1584,35453,21,614.00,176.73
2026-08-12,CMP11,Snapchat,87988,1685,37728,22,653.40,180.73
2026-08-13,CMP11,Snapchat,68830,1318,29513,17,511.13,175.66
2026-08-14,CMP11,Snapchat,85408,1636,36622,21,634.24,217.32
2026-08-15,CMP11,Snapchat,80302,1538,34432,20,596.32,173.31
2026-08-16,CMP11,Snapchat,112673,2158,48313,28,836.71,274.37
2026-08-17,CMP11,Snapchat,74497,1427,31943,19,553.21,161.17
2026-08-18,CMP11,Snapchat,72032,1380,30886,18,534.91,179.57
2026-08-19,CMP11,Snapchat,64073,1227,27474,16,475.81,141.79
2026-08-20,CMP11,Snapchat,80296,1538,34430,20,596.28,166.45
2026-08-21,CMP11,Snapchat,83127,1592,35643,21,617.30,201.54
2026-08-22,CMP11,Snapchat,83207,1594,35678,21,617.89,195.60
2026-08-23,CMP11,Snapchat,71486,1369,30652,18,530.85,171.74
2026-08-24,CMP11,Snapchat,83473,1599,35792,21,619.87,186.07
2026-08-25,CMP11,Snapchat,80709,1546,34607,20,599.34,201.27
2026-08-26,CMP11,Snapchat,50008,958,21443,12,371.36,98.85
2026-08-27,CMP11,Snapchat,57177,1095,24517,14,424.60,141.84
2026-08-28,CMP11,Snapchat,123256,2361,52850,31,915.30,297.41
2026-08-29,CMP11,Snapchat,94723,1814,40616,24,703.41,243.22
2026-08-30,CMP11,Snapchat,83519,1600,35812,21,620.21,185.32
2026-08-31,CMP11,Snapchat,94398,1808,40477,24,701.00,235.06
2026-06-01,CMP11,TikTok,41004,785,17052,13,468.22,134.50
2026-06-02,CMP11,TikTok,50094,959,20832,16,572.02,158.83
2026-06-03,CMP11,TikTok,53224,1019,22133,17,607.76,138.16
2026-06-04,CMP11,TikTok,62570,1198,26020,20,714.48,164.45
2026-06-05,CMP11,TikTok,76863,1472,31963,25,877.69,248.46
2026-06-06,CMP11,TikTok,92854,1778,38613,30,1060.29,308.19
2026-06-07,CMP11,TikTok,98984,1895,41162,32,1130.29,274.07
2026-06-08,CMP11,TikTok,103177,1975,42906,33,1178.17,313.62
2026-06-09,CMP11,TikTok,103219,1976,42923,33,1178.65,288.89
2026-06-10,CMP11,TikTok,109870,2103,45689,35,1254.60,359.55
2026-06-11,CMP11,TikTok,138512,2652,57600,45,1581.66,454.50
2026-06-12,CMP11,TikTok,129743,2484,53954,42,1481.53,389.37
2026-06-13,CMP11,TikTok,178426,3416,74199,57,2037.44,546.50
2026-06-14,CMP11,TikTok,111224,2129,46252,36,1270.06,300.78
2026-06-15,CMP11,TikTok,121141,2319,50377,39,1383.30,325.61
2026-06-16,CMP11,TikTok,87653,1678,36450,28,1000.90,264.41
2026-06-17,CMP11,TikTok,94439,1808,39272,30,1078.39,307.79
2026-06-18,CMP11,TikTok,81550,1561,33913,26,931.21,227.49
2026-06-19,CMP11,TikTok,87052,1667,36201,28,994.04,261.84
2026-06-20,CMP11,TikTok,97860,1874,40695,32,1117.46,328.22
2026-06-21,CMP11,TikTok,116781,2236,48563,38,1333.52,317.59
2026-06-22,CMP11,TikTok,92360,1768,38408,30,1054.65,258.91
2026-06-23,CMP11,TikTok,94560,1810,39323,30,1079.78,267.88
2026-06-24,CMP11,TikTok,89439,1712,37193,29,1021.30,272.77
2026-06-25,CMP11,TikTok,123536,2365,51372,40,1410.65,347.16
2026-06-26,CMP11,TikTok,115885,2219,48191,37,1323.28,322.83
2026-06-27,CMP11,TikTok,118680,2272,49353,38,1355.20,364.26
2026-06-28,CMP11,TikTok,121245,2321,50420,39,1384.49,372.03
2026-06-29,CMP11,TikTok,112499,2154,46783,36,1284.62,343.39
2026-06-30,CMP11,TikTok,132241,2532,54993,43,1510.05,408.40
2026-07-01,CMP11,TikTok,93093,1782,38713,30,1063.02,264.47
2026-07-02,CMP11,TikTok,95909,1836,39884,31,1095.18,312.92
2026-07-03,CMP11,TikTok,104616,2003,43504,34,1194.60,290.13
2026-07-04,CMP11,TikTok,148175,2837,61619,48,1692.00,413.67
2026-07-05,CMP11,TikTok,130413,2497,54232,42,1489.18,361.52
2026-07-06,CMP11,TikTok,99927,1913,41555,32,1141.06,320.69
2026-07-07,CMP11,TikTok,91848,1758,38195,30,1048.81,287.37
2026-07-08,CMP11,TikTok,147814,2830,61469,48,1687.88,479.85
2026-07-09,CMP11,TikTok,128396,2458,53393,41,1466.15,340.72
2026-07-10,CMP11,TikTok,68697,1315,28568,22,784.45,205.11
2026-07-11,CMP11,TikTok,125181,2397,52056,40,1429.43,366.81
2026-07-12,CMP11,TikTok,110826,2122,46087,36,1265.52,370.64
2026-07-13,CMP11,TikTok,115081,2203,47856,37,1314.10,349.59
2026-07-14,CMP11,TikTok,101990,1953,42412,33,1164.62,327.61
2026-07-15,CMP11,TikTok,131091,2510,54514,42,1496.92,366.42
2026-07-16,CMP11,TikTok,113901,2181,47366,37,1300.63,373.93
2026-07-17,CMP11,TikTok,122606,2347,50986,40,1400.03,354.39
2026-07-18,CMP11,TikTok,133847,2562,55660,43,1528.39,372.29
2026-07-19,CMP11,TikTok,107451,2057,44684,35,1226.98,347.24
2026-07-20,CMP11,TikTok,140716,2694,58517,45,1606.83,387.88
2026-07-21,CMP11,TikTok,118600,2271,49320,38,1354.29,350.86
2026-07-22,CMP11,TikTok,114843,2199,47757,37,1311.39,372.62
2026-07-23,CMP11,TikTok,99718,1909,41468,32,1138.67,288.51
2026-07-24,CMP11,TikTok,90647,1735,37696,29,1035.09,251.96
2026-07-25,CMP11,TikTok,106322,2036,44214,34,1214.08,325.67
2026-07-26,CMP11,TikTok,99011,1896,41174,32,1130.60,281.92
2026-07-27,CMP11,TikTok,83459,1598,34706,27,953.01,276.58
2026-07-28,CMP11,TikTok,97623,1869,40597,31,1114.75,308.43
2026-07-29,CMP11,TikTok,94666,1812,39367,31,1080.99,256.04
2026-07-30,CMP11,TikTok,88613,1696,36850,29,1011.87,256.50
2026-07-31,CMP11,TikTok,113470,2172,47187,37,1295.71,359.62
2026-08-01,CMP11,TikTok,126564,2423,52631,41,1445.23,398.07
2026-08-02,CMP11,TikTok,91938,1760,38233,30,1049.83,270.95
2026-08-03,CMP11,TikTok,93910,1798,39052,30,1072.35,296.70
2026-08-04,CMP11,TikTok,106616,2041,44336,34,1217.44,318.14
2026-08-05,CMP11,TikTok,109875,2104,45691,35,1254.66,333.94
2026-08-06,CMP11,TikTok,95263,1824,39615,31,1087.80,298.17
2026-08-07,CMP11,TikTok,81646,1563,33952,26,932.31,219.05
2026-08-08,CMP11,TikTok,101216,1938,42091,33,1155.78,329.56
2026-08-09,CMP11,TikTok,118226,2263,49164,38,1350.02,360.59
2026-08-10,CMP11,TikTok,102124,1955,42468,33,1166.15,319.52
2026-08-11,CMP11,TikTok,131272,2513,54589,42,1498.99,383.59
2026-08-12,CMP11,TikTok,97756,1872,40652,31,1116.27,315.13
2026-08-13,CMP11,TikTok,76208,1459,31691,25,870.21,207.34
2026-08-14,CMP11,TikTok,112348,2151,46720,36,1282.90,366.08
2026-08-15,CMP11,TikTok,104990,2010,43660,34,1198.87,338.39
2026-08-16,CMP11,TikTok,140489,2690,58422,45,1604.24,404.37
2026-08-17,CMP11,TikTok,105749,2025,43976,34,1207.54,350.79
2026-08-18,CMP11,TikTok,141456,2708,58824,46,1615.28,385.83
2026-08-19,CMP11,TikTok,73036,1398,30372,24,833.99,230.20
2026-08-20,CMP11,TikTok,105115,2012,43712,34,1200.30,345.03
2026-08-21,CMP11,TikTok,128753,2465,53542,41,1470.22,414.90
2026-08-22,CMP11,TikTok,119033,2279,49500,38,1359.23,379.42
2026-08-23,CMP11,TikTok,113520,2173,47207,37,1296.28,301.09
2026-08-24,CMP11,TikTok,74681,1430,31056,24,852.78,234.29
2026-08-25,CMP11,TikTok,124358,2381,51714,40,1420.04,407.02
2026-08-26,CMP11,TikTok,126427,2420,52575,41,1443.66,350.23
2026-08-27,CMP11,TikTok,80578,1543,33508,26,920.12,228.76
2026-08-28,CMP11,TikTok,97695,1870,40626,31,1115.57,260.90
2026-08-29,CMP11,TikTok,145439,2784,60481,47,1660.76,402.57
2026-08-30,CMP11,TikTok,109114,2089,45375,35,1245.97,319.30
2026-08-31,CMP11,TikTok,87420,1674,36354,28,998.24,277.42
2026-07-01,CMP12,Instagram,8696,72,3557,0,173.59,0.00
2026-07-02,CMP12,Instagram,9427,78,3856,0,188.18,0.00
2026-07-03,CMP12,Instagram,9252,76,3784,0,184.68,0.00
2026-07-04,CMP12,Instagram,10808,89,4421,0,215.74,0.00
2026-07-05,CMP12,Instagram,19029,157,7783,0,379.85,0.00
2026-07-06,CMP12,Instagram,17321,143,7085,0,345.75,0.00
2026-07-07,CMP12,Instagram,17521,144,7166,0,349.75,0.00
2026-07-08,CMP12,Instagram,19855,164,8121,0,396.34,0.00
2026-07-09,CMP12,Instagram,16106,133,6588,0,321.50,0.00
2026-07-10,CMP12,Instagram,19263,159,7879,0,384.52,0.00
2026-07-11,CMP12,Instagram,21685,179,8870,0,432.87,0.00
2026-07-12,CMP12,Instagram,17778,147,7271,0,354.88,0.00
2026-07-13,CMP12,Instagram,13142,108,5375,0,262.33,0.00
2026-07-14,CMP12,Instagram,17722,146,7248,0,353.76,0.00
2026-07-15,CMP12,Instagram,18520,153,7575,0,369.69,0.00
2026-07-16,CMP12,Instagram,20657,170,8449,0,412.35,0.00
2026-07-17,CMP12,Instagram,21317,176,8719,0,425.52,0.00
2026-07-18,CMP12,Instagram,18817,155,7696,0,375.62,0.00
2026-07-19,CMP12,Instagram,15334,126,6272,0,306.09,0.00
2026-07-20,CMP12,Instagram,24149,199,9877,0,482.05,0.00
2026-07-21,CMP12,Instagram,14789,122,6049,0,295.21,0.00
2026-07-22,CMP12,Instagram,22472,185,9191,0,448.58,0.00
2026-07-23,CMP12,Instagram,17079,141,6986,0,340.92,0.00
2026-07-24,CMP12,Instagram,22757,188,9308,0,454.26,0.00
2026-07-25,CMP12,Instagram,19489,161,7972,0,389.03,0.00
2026-07-26,CMP12,Instagram,17712,146,7245,0,353.56,0.00
2026-07-27,CMP12,Instagram,18690,154,7645,0,373.08,0.00
2026-07-28,CMP12,Instagram,14923,123,6104,0,297.89,0.00
2026-07-29,CMP12,Instagram,23003,190,9409,0,459.18,0.00
2026-07-30,CMP12,Instagram,22996,190,9406,0,459.04,0.00
2026-07-31,CMP12,Instagram,17655,146,7221,0,352.42,0.00
2026-08-01,CMP12,Instagram,11977,99,4899,0,239.08,0.00
2026-08-02,CMP12,Instagram,21653,179,8856,0,432.23,0.00
2026-08-03,CMP12,Instagram,15125,125,6186,0,301.92,0.00
2026-08-04,CMP12,Instagram,21893,181,8955,0,437.02,0.00
2026-08-05,CMP12,Instagram,20673,170,8456,0,412.67,0.00
2026-08-06,CMP12,Instagram,23923,197,9785,0,477.54,0.00
2026-08-07,CMP12,Instagram,19392,160,7932,0,387.09,0.00
2026-08-08,CMP12,Instagram,17137,141,7010,0,342.08,0.00
2026-08-09,CMP12,Instagram,20342,168,8321,0,406.06,0.00
2026-08-10,CMP12,Instagram,15165,125,6203,0,302.72,0.00
2026-08-11,CMP12,Instagram,24270,200,9927,0,484.47,0.00
2026-08-12,CMP12,Instagram,18349,151,7505,0,366.27,0.00
2026-08-13,CMP12,Instagram,23885,197,9770,0,476.78,0.00
2026-08-14,CMP12,Instagram,21024,173,8599,0,419.67,0.00
2026-08-15,CMP12,Instagram,16834,139,6885,0,336.03,0.00
2026-08-16,CMP12,Instagram,21673,179,8865,0,432.63,0.00
2026-08-17,CMP12,Instagram,20676,170,8457,0,412.72,0.00
2026-08-18,CMP12,Instagram,19813,163,8104,0,395.50,0.00
2026-08-19,CMP12,Instagram,23136,191,9463,0,461.83,0.00
2026-08-20,CMP12,Instagram,22390,185,9158,0,446.94,0.00
2026-08-21,CMP12,Instagram,14022,116,5735,0,279.90,0.00
2026-08-22,CMP12,Instagram,21571,178,8823,0,430.59,0.00
2026-08-23,CMP12,Instagram,22313,184,9126,0,445.40,0.00
2026-08-24,CMP12,Instagram,21607,178,8838,0,431.31,0.00
2026-08-25,CMP12,Instagram,18681,154,7641,0,372.90,0.00
2026-08-26,CMP12,Instagram,23442,193,9588,0,467.94,0.00
2026-08-27,CMP12,Instagram,18448,152,7545,0,368.25,0.00
2026-08-28,CMP12,Instagram,22515,186,9209,0,449.43,0.00
2026-08-29,CMP12,Instagram,19382,160,7928,0,386.89,0.00
2026-08-30,CMP12,Instagram,18839,155,7705,0,376.06,0.00
2026-08-31,CMP12,Instagram,15886,131,6498,0,317.11,0.00
2026-07-01,CMP12,X (Twitter),2293,19,337,2,27.85,292.09
2026-07-02,CMP12,X (Twitter),2775,22,408,2,33.71,275.29
2026-07-03,CMP12,X (Twitter),3398,27,499,2,41.27,297.70
2026-07-04,CMP12,X (Twitter),3986,32,585,3,48.42,474.13
2026-07-05,CMP12,X (Twitter),6583,53,967,5,79.96,671.19
2026-07-06,CMP12,X (Twitter),6307,51,926,5,76.61,773.91
2026-07-07,CMP12,X (Twitter),6864,55,1008,5,83.37,660.65
2026-07-08,CMP12,X (Twitter),6576,53,966,5,79.88,686.49
2026-07-09,CMP12,X (Twitter),7013,57,1030,5,85.18,669.17
2026-07-10,CMP12,X (Twitter),7744,63,1137,6,94.06,793.92
2026-07-11,CMP12,X (Twitter),5415,44,795,4,65.77,547.09
2026-07-12,CMP12,X (Twitter),6011,49,883,4,73.01,593.49
2026-07-13,CMP12,X (Twitter),7916,64,1162,6,96.15,917.15
2026-07-14,CMP12,X (Twitter),8972,72,1317,7,108.98,1004.46
2026-07-15,CMP12,X (Twitter),6665,54,979,5,80.96,736.71
2026-07-16,CMP12,X (Twitter),8050,65,1182,6,97.78,914.20
2026-07-17,CMP12,X (Twitter),8480,68,1245,6,103.00,984.82
2026-07-18,CMP12,X (Twitter),5372,43,789,4,65.25,563.83
2026-07-19,CMP12,X (Twitter),5482,44,805,4,66.59,545.71
2026-07-20,CMP12,X (Twitter),7957,64,1169,6,96.65,948.06
2026-07-21,CMP12,X (Twitter),6780,55,996,5,82.35,726.65
2026-07-22,CMP12,X (Twitter),6959,56,1022,5,84.53,674.92
2026-07-23,CMP12,X (Twitter),9014,73,1324,7,109.49,947.26
2026-07-24,CMP12,X (Twitter),4942,40,726,4,60.03,585.91
2026-07-25,CMP12,X (Twitter),7738,63,1136,6,93.99,828.45
2026-07-26,CMP12,X (Twitter),6239,50,916,5,75.78,783.25
2026-07-27,CMP12,X (Twitter),5750,46,844,4,69.84,533.83
2026-07-28,CMP12,X (Twitter),6671,54,980,5,81.03,773.86
2026-07-29,CMP12,X (Twitter),6031,49,886,4,73.26,528.92
2026-07-30,CMP12,X (Twitter),8003,65,1175,6,97.21,935.77
2026-07-31,CMP12,X (Twitter),9031,73,1326,7,109.70,1041.27
2026-08-01,CMP12,X (Twitter),5278,43,775,4,64.11,599.31
2026-08-02,CMP12,X (Twitter),5458,44,801,4,66.30,614.58
2026-08-03,CMP12,X (Twitter),6345,51,932,5,77.07,705.10
2026-08-04,CMP12,X (Twitter),6157,50,904,4,74.79,592.53
2026-08-05,CMP12,X (Twitter),6180,50,907,4,75.07,622.40
2026-08-06,CMP12,X (Twitter),6171,50,906,4,74.96,591.91
2026-08-07,CMP12,X (Twitter),6382,52,937,5,77.52,763.95
2026-08-08,CMP12,X (Twitter),6666,54,979,5,80.97,673.03
2026-08-09,CMP12,X (Twitter),7733,62,1135,6,93.93,887.45
2026-08-10,CMP12,X (Twitter),4372,35,642,3,53.11,496.20
2026-08-11,CMP12,X (Twitter),4962,40,729,4,60.27,584.20
2026-08-12,CMP12,X (Twitter),8276,67,1215,6,100.53,813.95
2026-08-13,CMP12,X (Twitter),8399,68,1233,6,102.02,811.36
2026-08-14,CMP12,X (Twitter),7886,64,1158,6,95.79,827.41
2026-08-15,CMP12,X (Twitter),6833,55,1003,5,83.00,815.96
2026-08-16,CMP12,X (Twitter),7187,58,1055,5,87.30,650.31
2026-08-17,CMP12,X (Twitter),6540,53,960,5,79.44,813.95
2026-08-18,CMP12,X (Twitter),10222,83,1501,7,124.16,1070.76
2026-08-19,CMP12,X (Twitter),5700,46,837,4,69.24,553.84
2026-08-20,CMP12,X (Twitter),7755,63,1139,6,94.20,904.46
2026-08-21,CMP12,X (Twitter),6077,49,892,4,73.82,585.72
2026-08-22,CMP12,X (Twitter),6973,56,1024,5,84.70,792.02
2026-08-23,CMP12,X (Twitter),7941,64,1166,6,96.46,973.37
2026-08-24,CMP12,X (Twitter),6181,50,908,5,75.08,687.16
2026-08-25,CMP12,X (Twitter),7293,59,1071,5,88.59,706.72
2026-08-26,CMP12,X (Twitter),7093,57,1042,5,86.16,757.32
2026-08-27,CMP12,X (Twitter),5894,48,866,4,71.59,620.11
2026-08-28,CMP12,X (Twitter),7042,57,1034,5,85.54,750.08
2026-08-29,CMP12,X (Twitter),5374,43,789,4,65.28,594.28
2026-08-30,CMP12,X (Twitter),6097,49,895,4,74.06,529.70
2026-08-31,CMP12,X (Twitter),7116,57,1045,5,86.44,713.60
